id,study_id,repeat,start_date,size_(um),lab,chip_type,assay_type,tissue_type,tissue_size,species,organ,age,source,batch,microscope,clamp,clamp_config,chip-a-operator,barcode-A-ID,chip_a_leak,chip_a_crosses,chip_a_blocks,chip_b_operator,barcode-B-ID,chip_b_leak,chip_b_crosses,chip_b_blocks,day-DBiTs,day-1-time_(hrs),broken_slide,lysis,lysis_time,sublibrary_operator,qPCR_plateau_cycle,qPCR_end,cDNA_concentration_(ng/uL),cDNA_bioanalyzer_date,cDNA_average_size_(bps),cDNA_library_percent,cDNA_corrected_conc_(ng/uL),pass_pcr,ngs_operator,p7_index,p7_index_sequence,nextera_pcr_cycles,ngs_concentration_(ng/uL),ngs_bioanalyzer_date,ngs_average_size_(bps),ngs_library_percent,pass_ngs,calculated_molarity_(nm),shipped_conc_(ng/uL),shipped_size_(bp),shipped_molarity_(nm),sequenced,pooled,date_shipped,to_ngs_tat_(days),sequenced_by,cro_concentration_(ng/uL),cro_average_size_(bps),cro_qpcr_molarity_(nm),cro_adapters,cro_qc_call,ngs_status,date_returned,ngs_tat,date_data,data_tat,total_ngs_tat,total_tat,ngs_read_length,ngs_multiplexing,ngs_id,ngs_instrument,ordered_reads,total_reads,Q30,total_clusters (mil),data (Gbp),UMI % off tixel,tixels_under_tissue,average_UMI_per_tixel,average_gene_per_tixel,% spatial cluster,Pass NGS,comments
D00,,0,8/18/2020,25,Atlasxomics,Gen1,transcriptomic,FFPE,,mouse,embryo,E13,Zyagen,Batch 0,,,,JM,,,,,JM,,,,,1,na,,na,,JM,,,,,,,,0,JM,,,,,,,,,,,,,0,,,,,,,,,,,,,,,,,,,,,,,,,0,,,,,,,"FFPE, tissue from Zyagen not in center of slide."
D01,,0,8/20/2020,25,Atlasxomics,Gen1,transcriptomic,FF,,mouse,embryo,E13,Zyagen,Aug 2020,,,,JM,,,,,JM,,,,,1,na,,na,,JM,,,,,,,,0,JM,,,,,,,,,,,,,0,,,,,,,,,,,,,,,,,,,,,,,,,0,,,,,,,Lysis buffer leaked.
D02,,0,8/26/2020,25,Atlasxomics,Gen1,transcriptomic,FF,,mouse,embryo,E13,Zyagen,Aug 2020,,,,JM,,,,,JM,,,,,1,12,,2 hour,,JM,,,0.133,,2209,,,0,JM,,,,,,,,,,,,,0,,,,,,,,,,,,,,,,,,,,,,,,,0,,,,,,,lysis buffer evaporated.
D03,,0,9/30/2020,25,Atlasxomics,Gen1,transcriptomic,FF,,mouse,embryo,E13,Zyagen,Aug 2020,,,,JM,,,,,JM,,,,,1,11,,2 hour,,JM,,,17.4,,2329,,,1,JM,701,TAAGGCGA,12,1.47,,1005,,,2.2,,,,1,0,10/14/2020,14,Novogene,1.08,568,1.51,0,fail,complete,,,,,,,150,1,NVUS2020100914,HiSeq,400,"591,000,000",,295616706,89,,1963,6851,2973,,,Lysis buffer blown out..but it worked!
D04,,0,10/7/2020,25,Atlasxomics,Gen1,transcriptomic,FF,,mouse,embryo,E13,Zyagen,Aug 2020,,,,JM,,,,,JM,,,,,1,na,,2 hour,,JM,,,9.56,,1383,,,1,JM,701,TAAGGCGA,13,2.48,,1247,,,3,,,,1,0,11/5/2020,29,Novogene,2.17,693,3.28,1,hold,complete,,,,,,,150,1,NVUS2020102331,HiSeq,400,"547,000,000",,273350383,82,,2225,5040,2529,,,
D05,,0,10/24/2020,25,Atlasxomics,Gen1,transcriptomic,FF,,mouse,embryo,E13,Zyagen,Aug 2020,,,,JM,,,,,JM,,,,,1,13,,2 hour,,JM,,,4.05,,1483,,,1,JM,701,TAAGGCGA,15,4.35,,1105,,,6,,,,0,,,,,,,,,,,,,,,,,,,,,,,,,0,,,,,,,
D05_b,,1,10/24/2020,25,Atlasxomics,Gen1,transcriptomic,FF,,mouse,embryo,E13,Zyagen,Aug 2020,,,,JM,,,,,JM,,,,,1,13,,2 hour,,JM,,,4.05,,1483,,,,JM,701,TAAGGCGA,15,2.59,,1044,,,3.8,,,,1,0,11/16/2020,23,Novogene,1.8,547,6,,,complete,,,,,,,150,1,NVUS2020111328,HiSeq,400,"725,000,000",,362467926,109,,1584,5598,2570,,,
D06,,0,11/1/2020,25,Atlasxomics,Gen1,transcriptomic,FF,,mouse,embryo,E13,Zyagen,Aug 2020,,,,JM,,1,,,JM,,,,,1,10,,2 hour,,JM,,,2.85,,1781,,,1,JM,701,TAAGGCGA,12,1.18,,1078,,,1.7,,,,1,1,11/16/2020,15,Novogene,0.98,570,1.84,,,complete,,,,,,,150,2,NVUS2020111328,HiSeq,200,"327,000,000",,163343930,49,,1971,3617,1915,,,
D07,,0,11/6/2020,25,Atlasxomics,Gen1,transcriptomic,FF,,mouse,embryo,E13,Zyagen,Aug 2020,,,,JM,,1,,,JM,,,,,1,na,,2 hour,,JM,,,5.99,,1480,,,1,JM,702,CGTACTAG,12,2.85,,851,,,5.1,,,,1,1,11/16/2020,10,Novogene,0.98,570,1.84,,,complete,,,,,,,150,2,NVUS2020111328,HiSeq,200,"412,000,000",,206010151,62,,2119,8283,3575,,,
D08,,0,11/14/2020,25,Atlasxomics,Gen1,transcriptomic,FF,,mouse,embryo,E13,Zyagen,Nov 2020,,,,JM,,1,,,JM,,1,,,1,10,,2 hour,,SLE,,,0.117,,,,,0,JM,,,,,,,,,,,,,0,,,,,,,,,,,,,,,,,,,,,,,,,0,,,,,,,No DNA after sublibrary PCR; perhaps exonuclease activity of Kapa HiFi.
D09,,0,11/15/2020,25,Atlasxomics,Gen1,transcriptomic,FF,,mouse,embryo,E13,Zyagen,Nov 2020,,,,JM,,0,,,JM,,0,,,1,na,,2 hour,,SLE,,,0.069,,,,,0,JM,,,,,,,,,,,,,0,,,,,,,,,,,,,,,,,,,,,,,,,0,,,,,,,No DNA after sublibrary PCR; perhaps exonuclease activity of Kapa HiFi.
D10,,0,11/21/2020,25,Atlasxomics,Gen1,transcriptomic,FF,,mouse,embryo,E13,Zyagen,Nov 2020,,,,JM,,0,,,JM,,,,,1,11,,2 hour,,JM,15,,3.14,,964,,,1,JM,701,TAAGGCGA,12,2.75,,601,,,6.9,,,,0,,,,,,,,,,,,,,,,,,,,,,,,,0,,,,,,,Looked good.
D10-b,,1,11/21/2020,25,Atlasxomics,Gen1,transcriptomic,FF,,mouse,embryo,E13,Zyagen,Nov 2020,,,,JM,,0,,,JM,,,,,1,11,,2 hour,,JM,15,,3.14,,964,,,1,JM,702,CGTACTAG,12,3.87,,512,93,,11.5,,,,1,1,1/6/2021,46,Novogene,2.63,481,6.07,,,complete,,,,,,,150,2,NVUS2020122105,HiSeq,200,"370,000,000",79.5,185,56,,2202,3815,1986,,,Switched index for pooling with D13.
D10-troubleshooting,,1,11/21/2020,25,Atlasxomics,Gen1,transcriptomic,FF,,mouse,embryo,E13,Zyagen,Nov 2020,,,,JM,,0,,,JM,,,,,1,11,,2 hour,,JM,15,,3.14,,964,,,1,MW,702,CGTACTAG,12,0.983,4.27.21,756,99,1,2.0,0.983,756,2,1,0,4/28/2021,158,Novogene,1.02,609,2.46,0,hold,complete,5/7/2021,9,5/18/2021,11,20,,150,1,,NovaSeq,200,,,,,,2202,4615,2289.1,,,Switched index for pooling with D13.
D11,,0,11/22/2020,25,Atlasxomics,Gen1,transcriptomic,FF,,mouse,embryo,E13,Zyagen,Nov 2020,,,,JM,,0,,,JM,,,,,1,na,,2 hour,,JM,16,,1.02,,0,,,0,JM,702,CGTACTAG,12,1.1,,614,,,2.7,,,,0,,,,,,,,,,,,,,,,,,,,,,,,,0,,,,,,,Annealing buffer instead of Lysis?
D11-b,,1,11/22/2020,25,Atlasxomics,Gen1,transcriptomic,FF,,mouse,embryo,E13,Zyagen,Nov 2020,,,,JM,,0,,,JM,,,,,1,na,,2 hour,,JM,16,,1.02,,0,,,0,JM,702,CGTACTAG,12,0.17,,944,,,0.3,,,,0,,,,,,,,,,,,,,,,,,,,,,,,,0,,,,,,,Annealing buffer instead of Lysis?
D12,,0,12/3/2020,25,Atlasxomics,Gen1,transcriptomic,FF,,mouse,embryo,E13,Zyagen,Nov 2020,,,,JM,,0,,,JM,,0,,,1,10,,2 hour,,SLE,17,20,1,,,,,0,SLE,702,CGTACTAG,12,0.12,,,,,,,,,0,,,,,,,,,,,,,,,,,,,,,,,,,0,,,,,,,No library after sublibrary PCR.
D13,,0,12/6/2020,25,Atlasxomics,Gen1,transcriptomic,FF,,mouse,embryo,E13,Zyagen,Nov 2020,,,,JM,,0,,,JM,,1,,,1,11,,2 hour,,SLE,13,14,1.97,,1613,,,0,SLE,701,TAAGGCGA,12,0,,,,,,,,,0,,,,,,,,,,,,,,,,,,,,,,,,,0,,,,,,,Sublibrary good conc.; no NGS library
D14,,0,12/8/2020,25,Atlasxomics,Gen1,transcriptomic,FF,,mouse,embryo,E13,Zyagen,Nov 2020,,,,JM,,0,,,JM,,1,,,1,na,,2 hour,,SLE,11,14,2.31,,,,,0,SLE,702,CGTACTAG,12,0.626,,,,,,,,,0,,,,,,,,,,,,,,,,,,,,,,,,,0,,,,,,,"Low conc. after sublibrary PCR, adapter dimers in NGS library."
D13_b,,1,12/6/2020,25,Atlasxomics,Gen1,transcriptomic,FF,,mouse,embryo,E13,Zyagen,Nov 2020,,,,JM,,0,,,JM,,1,,,1,11,,2 hour,,JM,13,14,0.42,,1613,98,0.4116,1,JM,701,TAAGGCGA,12,2.92,,616,99,,7.2,,,,1,1,1/6/2021,31,Novogene,2.63,481,6.07,,,complete,,,,,,,150,2,NVUS2020122105,HiSeq,200,"409,000,000",79.1,204.5,61,,1456,5349,2313,,,"NGS library good, pooled with D10"
D13_troubleshooting,,1,12/6/2020,25,Atlasxomics,Gen1,transcriptomic,FF,,mouse,embryo,E13,Zyagen,Nov 2020,,,,JM,,0,,,JM,,1,,,1,11,,2 hour,,JM,13,14,0.42,,1613,98,0.4116,1,MW,701,TAAGGCGA,12,0.851,4.27.21,828,98,1,1.6,0.851,828,1.6,1,0,4/28/2021,143,Novogene,0.82,676,0.88,0,fail,complete,5/7/2021,9,5/18/2021,11,20,,150,1,,NovaSeq,200,,,,,,1456,5642,2306,,,"NGS library good, pooled with D10"
D14_b,30,1,12/8/2020,25,Atlasxomics,Gen1,transcriptomic,FF,,mouse,embryo,E13,Zyagen,Nov 2020,,,,JM,,0,,,JM,,1,,,1,na,,2 hour,,JM,11,14,0.14,,1531,,,0,JM,702,CGTACTAG,12,2.19,,622,67,,5.3,,,,0,,,,,,,,,,,,,,,,,,,,,,,,,0,,,,,,,Still no NGS library.
D14_c,30,1,12/8/2020,25,Atlasxomics,Gen1,transcriptomic,FF,,mouse,embryo,E13,Zyagen,Nov 2020,,,,JM,,0,,,JM,,1,,,1,na,,2 hour,,JM,11,14,0.14,,1531,,,0,JM,702,CGTACTAG,12,0.16,,926,,,0.3,,,,0,,,,,,,,,,,,,,,,,,,,,,,,,0,,,,,,,Still no NGS library.
D15,,0,1/10/2021,25,Atlasxomics,Gen1,transcriptomic,FFPE,,human,liver,na,Zyagen,Atlas05,,,,JM,,0,,,JM,,1,,,1,na,,2 hour,,JM,25,26,1.21,1.22.21,683,46,0.5566,1,JM,701,TAAGGCGA,12,0,,0,,,,,,,0,,,,,,,,,,,,,,,,,,,,,,,,,0,,,,,,,Failed NGS PCR
D16,,0,1/23/2021,25,Atlasxomics,Gen1,transcriptomic,FFPE,,human,liver,na,Zyagen,Atlas05,,,,SLE,,1,,,JM,,1,,,1,na,,2 hour,,JM,14,15,,,0,,,0,,,,,,,,,,,,,,0,,,,,,,,,,,,,,,,,,,,,,,,,0,,,,,,,Failed sublib PCR- perhaps lost cDNA in 0.6Ampure bead step (removing <300bp)
D17,,0,1/25/2021,25,Atlasxomics,Gen1,transcriptomic,FFPE,,human,liver,na,Zyagen,Atlas05,,,,SLE,,1,,,JM,,0,,,1,9.5,,2 hour,,JM,15,16,,,0,,,0,,,,,,,,,,,,,,0,,,,,,,,,,,,,,,,,,,,,,,,,0,,,,,,,Failed sublib PCR- perhaps lost cDNA in 0.6Ampure bead step (removing <300bp)
D18,,0,1/28/2021,25,Atlasxomics,Gen1,transcriptomic,FFPE,,human,liver,na,Zyagen,Atlas05,,,,SLE,,0,,,JM,,1,,,1,na,,2 hour,,JM,13,14,,,0,,,0,,,,,,,,,,,,,,0,,,,,,,,,,,,,,,,,,,,,,,,,0,,,,,,,Failed sublib PCR- perhaps lost cDNA in 0.6Ampure bead step (removing <300bp)
D19,36,0,2/3/2021,25,Atlasxomics,Gen1,transcriptomic,FF,,mouse,embryo,E13,Zyagen,Nov 2020,,,,JM,,0,4,,JM,,0,,,1,na,,2 hour,,JM,14,15,2.22,2.2.21,1058,67,1.4874,1,JM,701,TAAGGCGA,12,0,2.12.21,614,,,0,,,,0,,,,,,,,,,,,,,,,,,,,,,,,,0,,,,,,,Strong small off target bands in PCR; poor NGS library. Repeated ampure to remove small band and repeated Nextera NGS prep.
D19_b,36,1,2/3/2021,25,Atlasxomics,Gen1,transcriptomic,FF,,mouse,embryo,E13,Zyagen,Nov 2020,,,,JM,,0,4,,JM,,0,,,1,na,,2 hour,,JM,14,15,0.67,2.17.21,1337,,,,JM,701,TAAGGCGA,12,1,2.17.21,957,,,1.6,,,1.6,1,1,2/25/2021,22,Novogene,0.66,553,0.93,,,complete,,,,,,,150,2,NVUS2021022219,NovaSeq,200,"824,316,258",83.3,412.158129,124,,2332,4674,2479,,,
D20,36,0,2/8/2021,25,Atlasxomics,Gen1,transcriptomic,FF,,mouse,embryo,E13,Zyagen,Nov 2020,,,,JM,,1,4,,JM,,0,,,1,na,,2 hour,,JM,12,13,5.67,,1399,,,0,JM,702,CGTACTAG,12,1.73,2.12.21,532,85,,4.9,,,1.6,1,1,2/25/2021,17,Novogene,0.66,553,0.93,,,complete,,,,,,,150,2,NVUS2021022219,NovaSeq,200,"237,843,774",86.07,118.921887,36,,2391,3571,1733,,,
D21,,0,2/9/2021,25,Atlasxomics,Gen1,transcriptomic,FFPE,,human,liver,na,Zyagen,Atlas05,,,,SLE,,1,,,JM,,1,,,1,na,,2 hour,,JM,15,16,3.73,2.2.21,100,11,0.4103,,JM,,,,,,,,,,,,,0,,,,,,,,,,,,,,,,,,,,,,,,,0,,,,,,,
D22,,0,2/10/2021,25,Atlasxomics,Gen1,transcriptomic,FFPE,,mouse,embryo,E11,Zyagen,Atlas06,,,,SLE,,0,2,,JM,,0,0,,1,na,,2 hour,,JM,16,18,14.3,,258,86,,,JM,,,,,,,,,,,,,0,,,,,,,,,,,,,,,,,,,,,,,,,0,,,,,,,
D22_b,,1,2/10/2021,25,Atlasxomics,Gen1,transcriptomic,FFPE,,mouse,embryo,E11,Zyagen,Atlas06,,,,SLE,,0,2,,JM,,0,0,,1,na,,2 hour,,JM,16,18,7.63,2.12.21,269,88,,,JM,701,TAAGGCGA,12,1.89,2.17.21,533,,,5.4,,,,0,,,,,,,,,,,,,,,,,,,,,,,,,0,,,,,,,Repurified at 0.6x. Strong NGS artifcat at 200bp. Repurify NGS lib.
D22_c,,1,2/10/2021,25,Atlasxomics,Gen1,transcriptomic,FFPE,,mouse,embryo,E11,Zyagen,Atlas06,,,,SLE,,0,2,,JM,,0,0,,1,na,,2 hour,,JM,16,18,7.63,2.12.21,269,88,,,JM,701,TAAGGCGA,12,1.17,2.18.21,343,87,,5.2,,,2,1,0,2/25/2021,15,,0.46,425,1.14,,,complete,,,,,,,150,1,NVUS2021022219,NovaSeq,400,"1,435,370,538",81.84,717.685269,215,,2442,7859,3128,,,Repurifed D22_B
D22_alt,67,1,2/10/2021,25,Atlasxomics,Gen1,transcriptomic,FFPE,,mouse,embryo,E11,Zyagen,Atlas06,,,,SLE,,0,2,,JM,,0,0,,1,na,,2 hour,,JM,16,18,7.63,2.12.21,269,88,,,JM,701,TAAGGCGA,na,2.99,4.2.21,453,93,,10.0,,,,0,,,,,,,,,,,,,,,,,,,,,,,,,,,,,,,,
D22_alt_clean,67,1,2/10/2021,25,Atlasxomics,Gen1,transcriptomic,FFPE,,mouse,embryo,E11,Zyagen,Atlas06,,,,SLE,,0,2,,JM,,0,0,,1,na,,2 hour,,JM,16,18,7.63,2.12.21,269,88,,,JM,701,TAAGGCGA,na,2.19,4.6.21,399,97,1.0,8.3,2.19,399,8.3,1,0,4/13/2021,62,Novogene,0.42,420,0.34,0,fail,resend,,,,,,,,,,,,,,,,,,,,,,
D22_alt_0.125,67,1,2/10/2021,25,Atlasxomics,Gen1,transcriptomic,FFPE,,mouse,embryo,E11,Zyagen,Atlas06,,,,SLE,,0,2,,JM,,0,0,,1,na,,2 hour,,JM,16,18,7.63,2.12.21,269,88,,,JM,701,TAAGGCGA,na,5.05,4.20.21,410,85,1.0,18.7,5.05,410,18.7,1,0,4/20/2021,69,Novogene,,,,,,complete,,,,,,,150,1,NVUS2021040622,NovaSeq,200,,,,,,,,,,,missing data
D23,40,0,2/17/2021,25,Atlasxomics,Gen1,transcriptomic,FF,,mouse,embryo,E13,Zyagen,Nov 2020,,,,SSY,,0,0,,SSY,,,,,1,na,,overnight,,SSY,12,13,11.7,3.1.21,1250,98,,,JM,701,TAAGGCGA,12,0.4,3.1.21,661,96,,0.9,,,,0,1,,,,,,,,,,,,,,,,,,,,,,,,,,,,,,,Repeat amplifcation bc low conc.
D23_b,40,1,2/17/2021,25,Atlasxomics,Gen1,transcriptomic,FF,,mouse,embryo,E13,Zyagen,Nov 2020,,,,SSY,,0,0,,SSY,,,,,1,na,,overnight,,SSY,12,13,11.7,3.1.21,1250,98,,,JM,701,TAAGGCGA,12,1.67,3.2.21,435,44,,5.8,,,,0,1,,,,,,,,,,,,,,,,,,,,,,,,,,,,,,,"Strong primer dimers, repurifiy, pool and concentrate"
D23_c,40,1,2/17/2021,25,Atlasxomics,Gen1,transcriptomic,FF,,mouse,embryo,E13,Zyagen,Nov 2020,,,,SSY,,0,0,,SSY,,,,,1,na,,overnight,,SSY,12,13,11.7,3.1.21,1250,98,,,JM,701,TAAGGCGA,12.0,0.67,,671,99,,1.5,0.8,441,2.7,1,1,,,Novogene,0.57,608,2.18,,,complete,,,,,,,150,2,NVUS2021030434,NovaSeq,200,465209536,82.42,,70,,2462,5677,2303,,,"Perfect, pooled two NGS preps and concentrated"
D25,41,0,2/23/2021,25,Atlasxomics,Gen1,transcriptomic,FFPE,,mouse,embryo,E11,Zyagen,Atlas06,,,,JM,,0,1,,SSY,,,,,1,10.5,,2 hour,,SSY,16,17,3.2,3.1.21,260,67,,,JM,701,TAAGGCGA,12,0.39,3.1.21,693,84,,0.9,,,,0,1,,,,,,,,,,,,,,,,,,,,,,,,,,2063,1587,925,,,
D25_b,41,1,2/23/2021,25,Atlasxomics,Gen1,transcriptomic,FFPE,,mouse,embryo,E11,Zyagen,Atlas06,,,,JM,,0,1,,SSY,,,,,1,10.5,,2 hour,,SSY,16,17,3.2,3.1.21,260,67,,,JM,701,TAAGGCGA,12,1.31,3.2.21,587,86,,3.4,0.7,658,1.6,1,1,,,Novogene,0.6,404,2.23,,,complete,,,,,,,150,2,NVUS2021030434,NovaSeq,200,521607968,84.6,,78,,,,,,,
D24,43,0,2/24/2021,25,Atlasxomics,Gen1,transcriptomic,FF,,mouse,embryo,E13,Zyagen,Nov 2020,,,,SSY,,0,,,SSY,,,,,1,na,,overnight,,SSY,12,13,2.6,3.1.21,1321,95,,,JM,702,CGTACTAG,12.0,0.9,3.1.21,835,96,,1.6,0.8,441,2.7,1,1,,,Novogene,0.57,608,2.18,,,complete,,,,,,,150,2,NVUS2021030434,NovaSeq,200,528460780,83.49,,79,,2316,5166,2065,,,
D26,42,0,2/25/2021,25,Atlasxomics,Gen1,transcriptomic,FFPE,,mouse,embryo,E11,Zyagen,Atlas06,,,,SSY,,0,0,,SSY,,0,1,,1,10.5,,2 hour,,SSY,15,16,2.32,3.1.21,227,60,,,JM,702,CGTACTAG,12,1.05,3.1.21,728,78,,2.2,0.7,658,1.6,1,1,,,Novogene,0.6,404,2.23,,,complete,,,,,,,150,2,NVUS2021030434,NovaSeq,200,775478748,87.11,,116,,2108,3594,1850,,,
D27,45,0,3/2/2021,25,Atlasxomics,Gen1,transcriptomic,FF,,human,ovary,na,BioIVT,S13020000852,,,,SSY,,0,1,"38, 41",JM,,0,,,1,na,,overnight,,,,,,,,,,,,,,,,,,,,,,,,0,,,,,,,,,,,,,,,,,,,,,,,,,,,,,,,,Lost due to procedure error at sublibrary purification.
D28,47,0,3/3/2021,25,Atlasxomics,Gen1,transcriptomic,FF,,mouse,embryo,E11,Zyagen,Atlas07,,,,SSY,,1,1,,JM,,0,,,2,na,,overnight,,,,,,,,,,,,,,,,,,,,,,,,0,,,,,,,,,,,,,,,,,,,,,,,,,,,,,,,,Lost due to procedure error at sublibrary purification.
D29,47,0,3/3/2021,25,Atlasxomics,Gen1,transcriptomic,FF,,mouse,embryo,E11,Zyagen,Atlas07,,,,SSY,,1,0,,JM,,0,1,,2,na,,overnight,,,,,,,,,,,,,,,,,,,,,,,,0,,,,,,,,,,,,,,,,,,,,,,,,,,,,,,,,Lost due to procedure error at sublibrary purification.
D30,48,0,3/4/2021,25,Atlasxomics,Gen1,transcriptomic,FF,,human,ovary,na,BioIVT,S13020000852,,,,SSY,,,,,,,,,,1,na,,,,,,,,,,,,,,,,,,,,,,,,,,0,,,,,,,,,,,,,,,,,,,,,,,,,,,,,,,,Lost due to procedure error at sublibrary purification.
D31,50,0,3/8/2021,25,Atlasxomics,Gen1,,FF,,mouse,embryo,E11,Zyagen,Atlas07,,,,SSY,,1,,,JM,,0,[17],,2,9.5,,overnight,,SSY,15,17,2.66,,891,87,2.3,1,SYY,701,TAAGGCGA,12,1.82,,593,89,1.0,4.7,1.8,647,4.1,1,1,3/17/2021,9,Novogene,2.41,506,8.05,1,hold,complete,3/27/21,10,,,,19,160,2,NVUS2021031511,NovaSeq,150,419628216,81.82,,63,,2287,3569,1756,,,"Strong clustering artifacts, repeat ngs lib prep and resequence."
D31_b,50,1,3/8/2021,25,Atlasxomics,Gen1,,FF,,mouse,embryo,E11,Zyagen,Atlas07,,,,SSY,,1,,,JM,,0,[17],,2,9.5,,overnight,,SSY,15,17,2.66,,891,87,2.3,1,MW,701,TAAGGCGA,12,2.39,4.2.21,628,78,,,,,,0,,,,,,,,,,,,,,,,,,,,,,,,,,,,,,,,Repeats to get rid of OTP
D31_c (D31_repeat/D31),50,1,3/8/2021,25,Atlasxomics,Gen1,,FF,,mouse,embryo,E11,Zyagen,Atlas07,,,,SSY,,1,,,JM,,0,[17],,2,9.5,,overnight,,SSY,15,17,2.66,,891,87,2.3,1,MW,701,TAAGGCGA,12,0.92,4.2.21,648,98,1.0,2.2,1.0,721,2.1,1,1,4/7/2021,30,Novogene,1.16,596,2.62,0,hold,complete,4/19/21,12,,,,42,150,2,NVUS2021040526	,NovaSeq,200,,,,,,2287,,,,,
D31_troubleshooting (D31_repeat2/D31_repeat),50,1,3/8/2021,25,Atlasxomics,Gen1,,FF,,mouse,embryo,E11,Zyagen,Atlas07,,,,SSY,,1,,,JM,,0,[17],,2,9.5,,overnight,,SSY,15,17,2.66,,891,87,2.3,1,MW,701,TAAGGCGA,12,0.821,4.27.21,843,99,1.0,1.5,0.8,855.5,1.5,1,1,4/28/2021,51,Novogene,0.81,629,2.38,0,hold,complete,5/9/21,11,5/11/2021,2,13,62,150,2,NVUS2021042329,HiSeq,200,,,,,,2287,4516.2,2094,,,
D32,50,0,3/8/2021,25,Atlasxomics,Gen1,,FF,,mouse,embryo,E11,Zyagen,Atlas07,,,,SSY,,0,,,JM,,0,27,,2,9.5,,overnight,,SSY,15,17,2.83,,1256,88,2.5,1,SYY,702,CGTACTAG,12,2.86,3.12.21,700,91,1.0,6.2,1.5,682,3.4,1,1,3/17/2021,9,Novogene,2.41,506,8.05,1,hold,complete,3/27/21,10,,,,19,150,2,NVUS2021031511,NovaSeq,150,202941630,83.74,,30,,2244,1716,1035,,,"Strong clustering artifacts, repeat ngs lib prep and resequence."
D32_b,50,1,3/8/2021,25,Atlasxomics,Gen1,,FF,,mouse,embryo,E11,Zyagen,Atlas07,,,,SSY,,0,,,JM,,0,27,,2,9.5,,overnight,,SSY,15,17,2.83,,1256,88,2.5,1,MW,702,CGTACTAG,12,0.548,4.2.21,699,84,,1.2,,,,,,,,,,,,,,,,,,,,,,,,,,,,,,,,,,,,Repeats to get rid of OTP
D32_c (D32_repeat/D32),50,1,3/8/2021,25,Atlasxomics,Gen1,,FF,,mouse,embryo,E11,Zyagen,Atlas07,,,,SSY,,0,,,JM,,0,27,,2,9.5,,overnight,,SSY,15,17,,,,,,,,,,12,1.03,4.7.21,794,99,1.0,2.0,1,721,2.1,1,1,4/7/2021,30,Novogene,1.16,596,2.62,0,hold,complete,4/19/21,12,,,,42,150,2,NVUS2021040526	,NovaSeq,200,,,,,,,,,,,
D32_troubleshooting,50,1,3/8/2021,25,Atlasxomics,Gen1,,FF,,mouse,embryo,E11,Zyagen,Atlas07,,,,SSY,,0,,,JM,,0,27,,2,9.5,,overnight,,SSY,15,17,2.83,,1256,88,2.5,1,MW,702,CGTACTAG,12,1.65,4.27.21,868,100,1.0,2.9,0.8,855.5,1.5,1,1,4/28/2021,51,Novogene,0.81,629,2.38,0,hold,complete,5/9/21,11,5/11/2021,2,13,62,150,2,NVUS2021042329,HiSeq,200,,,,,,2244,2430.4,1358.1,,,
D33,51,0,3/9/2021,25,Atlasxomics,Gen1,,FF,,human,ovary (High grade Serous carcinoma),46year old,BioIVT,S13020000852,,,,JM,,,,"4, 5, 6, 44, 34",JM,,0,,,1,7.5,,overnight,,JM,10,11,1.66,,1096,55,0.9,1,JM,701,TAAGGCGA,12,1.58,3.12.21,568,78,0.0,4.2,,,,,,,,,,,,,,,,,,,,,,,,,,,,,0,,,,,,,"Strong dimers, repeat NGS prep with corrected concentration."
D33_b,51,1,3/9/2021,25,Atlasxomics,Gen1,,FF,,human,ovary (High grade Serous carcinoma),46year old,BioIVT,S13020000852,,,,JM,,,,"4, 5, 6, 44, 34",JM,,0,,,1,7.5,,overnight,,JM,10,11,1.66,,1096,55,        ,1,JM,701,TAAGGCGA,12,1.39,3.17.21,734,89,1.0,2.9,1.2,634,2.9,1,1,3/17/2021,8,Novogene,1.06,527,2.83,1,fail,complete,3/27/21,10,,,,18,150,2,NVUS2021031511,NovaSeq,200,688852322,83.93,,103,,,,,,,NGS with corrected concentration.
D33_c,51,1,3/9/2021,25,Atlasxomics,Gen1,,FF,,human,ovary (High grade Serous carcinoma),46year old,BioIVT,S13020000852,,,,JM,,,,"4, 5, 6, 44, 34",JM,,0,,,1,7.5,,overnight,,JM,10,11,0.636,4.9.21,,,,,,701,TAAGGCGA,12,1.47,4.13.21,623,99,1.0,3.6,0.9,600,2.2,1,1,4/13/2021,35,Novogene,0.92,534,1.66,0,fail,failed,,,,,,,150,2,NVUS2021040622,NovaSeq,200,,,,,,,,,,,missing data
D33_alt,51,1,3/9/2021,25,Atlasxomics,Gen1,,FF,,human,ovary (High grade Serous carcinoma),46year old,BioIVT,S13020000852,,,,JM,,,,"4, 5, 6, 44, 34",JM,,0,,,1,7.5,,overnight,,JM,10,11,0.63,4.8.21,1429,94,0.6,1,JM,,,,,4.8.21,1036,98,,,,,,,,,,,,,,,,,,,,,,,,,,,,,,,,,,,,,,
D34,53,0,3/10/2021,25,Atlasxomics,Gen1,,FF,,human,ovary (High grade Serous carcinoma),46year old,BioIVT,S13020000852,,,,MW,,FALSE ,,,MW,,0,,,1,9,,overnight,,JM,10,11,1.94,,1115,51,1.0,1,JM,702,CGTACTAG,12,0.825,,531,75,0.0,2.4,,,,,,,,,,,,,,,,,,,,,,,,,,,,,0,,,,,,,"Strong dimers, repeat NGS prep with corrected concentration."
D34_b,53,1,3/10/2021,25,Atlasxomics,Gen1,,FF,,human,ovary (High grade Serous carcinoma),46year old,BioIVT,S13020000852,,,,MW,,FALSE ,,,MW,,0,,,1,9,,overnight,,JM,10,11,1.94,,1115,51,1.0,1,JM,702,CGTACTAG,12,1.08,3.17.21,534,81,1.0,3.1,1.2,634,3.0,1,1,3/17/2021,7,Novogene,1.06,527,2.83,1,fail,complete,3/27/21,10,,,,17,150,2,NVUS2021031511,NovaSeq,200,662429974,85.77,,99,,,,,,,NGS with corrected concentration.
D34_c,53,1,3/10/2021,25,Atlasxomics,Gen1,,FF,,human,ovary (High grade Serous carcinoma),46year old,BioIVT,S13020000852,,,,MW,,FALSE ,,,MW,,0,,,1,9,,overnight,,JM,10,11,0.636,4.9.21,,95,,,,702,CGTACTAG,12,0.826,4.13.21,578,99,1.0,2.2,0.9,600,2.2,1,1,4/13/2021,34,Novogene,0.92,534,1.66,0,fail,complete,,,,,,,150,2,NVUS2021040622,NovaSeq,200,,,,,,2457,5955,2790,,,NGS with removed dimers; all stripes
D34_alt,53,1,3/10/2021,25,Atlasxomics,Gen1,,FF,,human,ovary (High grade Serous carcinoma),46year old,BioIVT,S13020000852,,,,MW,,FALSE ,,,MW,,0,,,1,9,,overnight,,JM,10,11,0.66,4.8.21,906,95,0.6,1,JM,702,CGTACTAG,12,,,,,,,,,,,,,,,,,,,,,,,,,,,,,,,,,,,,,,,,,,
D35,55,0,3/15/2021,25,Atlasxomics,Gen1,,FFPE,,human,ovary (High grade Serous carcinoma),,BioIVT,S13020000852,,,,JM,,1,"2 [37,47]",,MW,,1,,,1,9,,,,MW,,,,,,,,0,,,,,,,,,,,,,,,,,,,,,,,,,,,,,,,,,,,,,,,0,,,,,,,
D35_b,55,1,3/15/2021,25,Atlasxomics,Gen1,,FFPE,,human,ovary (High grade Serous carcinoma),,BioIVT,S13020000852,,,,JM,,1,"2 [37,47]",,,,,,,1,9,,,,MW,,,,4.2.21,1599,75,0.6,1,MW,701,TAAGGCGA,12,0.734,4.2.21,760,,,1.5,,,,,,,,,,,,,,,,,,,,,,,,,,,,,,,,,,,,Repeat with saved streptavidin beads.
D35_c,55,1,3/15/2021,25,Atlasxomics,Gen1,,FFPE,,human,ovary (High grade Serous carcinoma),,BioIVT,S13020000852,,,,JM,,1,"2 [37,47]",,,,,,,1,9,,,,MW,,,,4.2.21,1599,75,0.6,1,MW,701,TAAGGCGA,12,0.385,4.2.21,660,94,,0.9,,,,,,,,,,,,,,,,,,,,,,,,,,,,,,,,,,,,
D36,58,0,3/16/2021,25,Atlasxomics,Gen1,,FFPE,,human,ovary (High grade Serous carcinoma),,BioIVT,S13020000852,,,,JM,,FALSE ,25,,JM,,1,,,1,8,,overnight,,MW,,,,,,,,0,,,TAAGGCGA,,,,,,,,,,,,,,,,,,,,,,,,,,,,,,,,,,,,0,,,,,,,
D36_b,58,1,3/16/2021,25,Atlasxomics,Gen1,,FFPE,,human,ovary (High grade Serous carcinoma),,BioIVT,S13020000852,,,,JM,,FALSE ,25,,JM,,1,,,1,8,,overnight,,JM,20,22,0.65,3.26.21,1563,62,0.4,1,JM,701,TAAGGCGA,12,0.855,3.26.21,825,94,,1.6,,,,,,,,,,,,,,,,,,,,,,,,,,,,,0,,,,,,,Repeat with saved streptavidin beads.
D36_c,58,1,3/16/2021,25,Atlasxomics,Gen1,,FFPE,,human,ovary (High grade Serous carcinoma),,BioIVT,S13020000852,,,,JM,,FALSE ,25,,JM,,1,,,1,8,,overnight,,JM,20,22,0.65,3.26.21,1563,62,0.4,1,JM,701,TAAGGCGA,12,0.829,4.2.21,842,99,1.0,1.5,0.8,900,1.5,1,1,4/7/2021,22,Novogene,0.81,671,1.13,0,fail,complete,4/19/21,12,,,,34,150,2,NVUS2021040526	,NovaSeq,200,,,,0,,,,,,,Repurify to get rid of dimers.  Missing data
D37,59,0,3/17/2021,25,Atlasxomics,Gen1,,FFPE,,human,ovary (High grade Serous carcinoma),,BioIVT,S13020000852,,,,SSY,,FALSE ,,,SSY,,,,,2,9,,overnight,,MW,,,,,,,,0,,,,,,,,,,,,,,,,,,,,,,,,,,,,,,,,,,,,,,,0,,,,,,,
D37_b,59,1,3/17/2021,25,Atlasxomics,Gen1,,FFPE,,human,ovary (High grade Serous carcinoma),,BioIVT,S13020000852,,,,SSY,,FALSE ,,,,,,,,2,9,,overnight,,MW,17,19,,4.2.21,2003,51,0.18,1,MW,702,CGTACTAG,12,1.14,4.2.21,750,68,,2.3,,,,,,,,,,,,,,,,,,,,,,,,,,,,,,,,,,,,Repeat with saved streptavidin beads.
D37_c,59,1,3/17/2021,25,Atlasxomics,Gen1,,FFPE,,human,ovary (High grade Serous carcinoma),,BioIVT,S13020000852,,,,SSY,,FALSE ,,,,,,,,2,9,,overnight,,MW,17,19,,4.2.21,2003,51,0.18,1,MW,702,CGTACTAG,12,0.437,4.2.21,933,98,,0.7,,,,,,,,,,,,,,,,,,,,,,,,,,,,,,,,,,,,
D38,59,0,3/17/2021,25,Atlasxomics,Gen1,,FFPE,,human,ovary (High grade Serous carcinoma),,BioIVT,S13020000852,,,,MW,,1,27,"23,24,25",MW,,,,,2,9,,overnight,,MW,,,,,,,,,,,,,,,,,,,,,,,,,,,,,,,,,,,,,,,,,,,,,,,0,,,,,,,
D38_b,59,1,3/17/2021,25,Atlasxomics,Gen1,,FFPE,,human,ovary (High grade Serous carcinoma),,BioIVT,S13020000852,,,,MW,,1,27,"23,24,25",MW,,,,,2,9,,overnight,,JM,20,22,0.7,3.26.21,1888,77,0.5,1,JM,702,CGTACTAG,12,1.02,3.26.21,961,94,,1.6,,,,,,,,,,,,,,,,,,,,,,,,,,,,,0,,,,,,,Repeat with saved streptavidin beads.
D38_c,59,1,3/17/2021,25,Atlasxomics,Gen1,,FFPE,,human,ovary (High grade Serous carcinoma),,BioIVT,S13020000852,,,,MW,,1,27,"23,24,25",MW,,,,,2,9,,overnight,,JM,20,22,0.7,3.26.21,1888,77,0.5,1,JM,702,CGTACTAG,12,0.814,4.2.21,946,99,1.0,1.3,0.8,900,1.5,1,1,4/7/2021,21,Novogene,0.81,671,1.13,0,fail,complete,4/19/21,12,4/26/2021,7,19,33,150,2,NVUS2021040526	,NovaSeq,200,,,,0,,,,,,,missing data
D39,60,0,3/18/2021,25,Atlasxomics,Gen1,,FF,,mouse,Embryo,E11,Zyagen,Atlas06,,,,SSY,,1,0,0,SSY,,0,0,,1,8,,overnight,,SSY,13,15,1.09,4.1.21,1635,45,0.5,,,701,TAAGGCGA,,,,,,,,,,,,,,,,,,,,,,,,,,,,,,,,,,,,0,,,,,,,
D40,61,0,3/20/2021,25,Atlasxomics,Gen1,,FFPE,,human, normal FTE,,UTSW,Wenxin-AtlasXomics 001,,,,JM,,1,,5,JM,,0,,,1,8.5,,overnight,,JM,17,18,0.273,3.26.21,1072,7,0.02,1,JM,,,,,,,,,,,,,,,,,,,,,,,,,,,,,,,,,,,,,,,,,,,,,
D41,62,0,3/21/2021,25,Atlasxomics,Gen1,,FFPE,,human, normal FTE,,UTSW,Wenxin-AtlasXomics 001,,,,JM,,0,,,JM,,0,5,,1,8.5,,overnight,,JM,19,20,0.431,3.26.21,1423,37,0.16,1,JM,702,CGTACTAG,12,1.05,3.26.21,925,74,,1.7,,,,,,,,,,,,,,,,,,,,,,,,,,,,,,,,,,,,Repurify to get rid of dimers.
D41_b,62,1,3/21/2021,25,Atlasxomics,Gen1,,FFPE,,human, normal FTE,,UTSW,Wenxin-AtlasXomics 001,,,,JM,,0,,,JM,,0,5,,1,8.5,,overnight,,JM,19,20,0.431,3.26.21,1423,37,0.16,1,JM,702,CGTACTAG,12,0.731,4.2.21,722,92,1.0,1.5,0.731,722,1.7,1,0,4/7/2021,17,Novogene,0.93,575,1.25,1,fail,complete,4/19/21,12,,,,29,150,1,NVUS2021040526	,NovaSeq,200,,,,,,2394,3560.2,1794.9,,,Repurify to get rid of dimers.
D42,64,0,3/23/2021,25,Atlasxomics,Suburbia,,FFPE,,mouse,Embryo,E11,Zyagen,Atlas08,,,,SSY,,0,50,0,SSY,,0,50,,1,8,,overnight,,MW,16,17,0,4.1.21,0,0,0,0,,,,,,,,,,,,,,,,,,,,,,,,,,,,,,,,,,,,,,,,,,,,,,
D43,65,0,3/24/2021,25,Atlasxomics,Suburbia,,FFPE,,mouse,Embryo,E11,Zyagen,Atlas08,,,,MW,,0,50,0,MW,,0,50,,1,8,,overnight,,MW,16,14,0,4.1.21,0,0,0,0,,,,,,,,,,,,,,,,,,,,,,,,,,,,,,,,,,,,,,,,,,,,,,
D44,66,0,3/25/2021,25,Atlasxomics,na,,FF,,mouse,Embryo,E11,Zyagen,Atlas06,,,,SSY,,1,50,0,MW,,0,"21,22",,,,,overnight,,SSY,14,15,0,4.1.21,,,,,,702,,,,,,,,,,,,,,,,,,,,,,,,,,,,,,,,,,,,,,,,,,,,
D45,68,0,3/30/2021,25,Atlasxomics,Gen1,,FF,,mouse,Embryo,E11,Zyagen,Atlas06,,,,SSY,,0,0,0,SSY,,0,0,,1,7.5,,overnight,,SSY,17,18,0,4.1.21,,,,,,703,,,,,,,,,,,,,,,,,,,,,,,,,,,,,,,,,,,,,,,,,,,,
D46,71,0,4/5/2021,25,Atlasxomics,Gen1,,FF,,mouse,Embryo,E11,Zyagen,Atlas06,,,,MW,,0,"5 [2,4,6,8,39]","2 [9,11]",MW,,na,na,,1,7.5,,overnight,,MW,10,11,,,,,,,,,,,,,,,,,,,,,,,,,,,,,,,,,,,,,,,,,,,,,,,,,,,,
D47,73,0,4/6/2021,25,Atlasxomics,Gen1,transcriptomics,FF,,human,polyp,na,Vanderbilt,S1,,,,JM,,0,0,26,JM,,0,0,,1,na,,overnight,,JM,10,11,2.42,4.8.21,1411,85,2.06,1,JM,701,TAAGGCGA,12,,4.9.21,423,37,0,,,,,1,,,,Novogene,,,,,,,,,,,,,,,,,,,,,,,,,,,,
D47_b,73,1,4/6/2021,25,Atlasxomics,Gen1,transcriptomics,FF,,human,polyp,na,Vanderbilt,S1,,,,JM,,0,0,26,JM,,0,0,,1,na,,overnight,,JM,10,11,1.85,4.13.21,1414,99,1.83,1,JM,701,TAAGGCGA,12,0.683,4.14.21,743,98,1,1.4,0.683,743,1.4,1,0,4/20/2021,14,Novogene,0.74,601,1.95,0,fail,complete,5/8/2021,18,5/18/2021,10,28,,150,1,NVUS2021040752,Novaseq,200,,,,,,1673,53.2,36.2,,,
D48,75,0,4/7/2021,25,Atlasxomics,Gen1,transcriptomics,FF,,human,kidney,na,Aachen,S1,,,,JM,,0,0,0,JM,,0,23,,1,8.5,,overnight,,JM,10,11,0.567,4.8.21,1278,15,0.09,1,JM,701,TAAGGCGA,12,,4.9.21,556,59,0,,,,,,,,,,,,,,,,,,,,,,,,,,,,,,,,,,,,,1ng for ngs not corrected
D48_b,75,1,4/7/2021,25,Atlasxomics,Gen1,transcriptomics,FF,,human,kidney,na,Aachen,S1,,,,JM,,0,0,0,JM,,0,23,,1,8.5,,overnight,,JM,10,11,0.567,4.8.21,1278,15,0.09,1,JM,701,TAAGGCGA,12,,4.9.21,615,73,0,,,,,,,,,,,,,,,,,,,,,,,,,,,,,,,,,,,,,5uL for NGS.
D48_c,75,1,4/7/2021,25,Atlasxomics,Gen1,transcriptomics,FF,,human,kidney,na,Aachen,S1,,,,JM,,0,0,0,JM,,0,23,,1,8.5,,overnight,,JM,10,11,0.094,4.13.21,1408,71,0.07,1,JM,701,TAAGGCGA,12,0.6,4.13.21,650,98,1,1.4,,,,,,,,,,,,,,,,,,,,,,,,,,,,,,,,,,,,Pooled first two NGS attempts and repurified with 0.6x ampure
D48_d,75,1,4/7/2021,25,Atlasxomics,Gen1,transcriptomics,FF,,human,kidney,na,Aachen,S1,,,,JM,,0,0,0,JM,,0,23,,1,8.5,,overnight,,JM,10,11,0.094,4.13.21,1408,71,0.07,1,JM,701,TAAGGCGA,12,1.04,4.14.21,727,98,1,2.2,1.04,727,2.2,1,0,4/20/2021,13,Novogene,1.22,558,3.69,0,hold,complete,5/8/2021,18,5/18/2021,10,28,,150,1,NVUS2021040752,Novaseq,200,,,,,,1226,10.69,8.7,,,
D49,76,0,4/8/2021,25,Atlasxomics,Gen1,transcriptomics,FF,,human,polyp,na,Vanderbilt,S1,,,,SSY,,0,0,0,SSY,,0,0,,1,7,,overnight,,MW,9,10,2.69,4.13.21,1322,90,2.42,0,JM,,,,,,,,,,,,,1,,,,Novogene,,,,,,,,,,,,,,,,,,,,,,,,,,,,Strong dimers in cDNA.  Repeat 0.6x ampure
D49_b,76,1,4/8/2021,25,Atlasxomics,Gen1,transcriptomics,FF,,human,polyp,na,Vanderbilt,S1,,,,SSY,,0,0,0,SSY,,0,0,,1,7,,overnight,,MW,9,10,,4.14.21,,,,1,JM,701,TAAGGCGA,12,0.92,4.14.21,626,97,1,2.2,0.92,626,2.2,1,0,4/20/2021,12,Novogene,1.18,565,2.27,0,hold,complete,5/8/2021,18,5/18/2021,10,28,,150,1,NVUS2021040752,Novaseq,200,,,,,,2301,354.6,179.2,,,Ran NGS in duplicate with cleaned cDNA.  Pooled and did two 0.6x ampure.
D50,78,0,4/12/2021,25,Atlasxomics,Gen1,transcriptomics,FFPE,,human,polyp,na,Vanderbilt,S2,,,,JM,,1,"48, 46, 43, 42, 41, 40, 39, 32, 30",0,JM,,1,0,,1,9,,overnight,,MW,13,14,1.1,4.13.21,2809,31,0.34,0,JM,701,TAAGGCGA,12,,,,,,,,,,,,,,,,,,,,,,,,,,,,,,,,,,,,,,,,,,Strong dimers in cDNA.  Repeat 0.6x ampure
D50_b,78,1,4/12/2021,25,Atlasxomics,Gen1,transcriptomics,FFPE,,human,polyp,na,Vanderbilt,S2,,,,JM,,1,"48, 46, 43, 42, 41, 40, 39, 32, 30",0,JM,,1,0,,1,9,,overnight,,MW,13,14,,4.14.21,,,,1,JM,701,TAAGGCGA,12,0.822,4.14.21,858,97,0,1.5,,,,,,,,,,,,,,,,,,,,,,,,,,,,,,,,,,,,Ran NGS in duplicate with cleaned cDNA.  Did double spri followed by 0.6x SPRI to clean library.  Sill long righ-hand tail.
D50_c,78,1,4/12/2021,25,Atlasxomics,Gen1,transcriptomics,FFPE,,human,polyp,na,Vanderbilt,S2,,,,JM,,1,"48, 46, 43, 42, 41, 40, 39, 32, 30",0,JM,,1,0,,1,9,,overnight,,MW,13,14,,4.14.21,,,,1,JM,702,CGTACTAG,12,4.26,4.19.21,695,92,0,9.3,,,,,,,,,,,,,,,,,,,,,,,,,,,,,,,,,,,,
D50_d,78,1,4/12/2021,25,Atlasxomics,Gen1,transcriptomics,FFPE,,human,polyp,na,Vanderbilt,S2,,,,JM,,1,"48, 46, 43, 42, 41, 40, 39, 32, 30",0,JM,,1,0,,1,9,,overnight,,MW,13,14,,4.14.21,,,,1,JM,702,CGTACTAG,12,1.6,5.24.21,586,98,1,4.1,1.5,649,4.1,TRUE ,1,5/25/2021,43,Yale,,,,,,,,,,,,,,,,,,,,,,,,,,,,
D51,79,0,4/13/2021,25,Atlasxomics,Gen1,transcriptomics,FF,,human,Kidney,na,Achen,S3,,,,SSY,,0,0,0,SSY,,0,0,,1,7.75,,overnight,,MW,13,14,0.305,4.17.21,2037,1,0.00,0,MW,702,CGTACTAG,12,0.061,4.19.21,394,8,0,0.2,,,,,,,,,,,,,,,,,,,,,,,,,,,,,,,,,,,,
D51_b,79,1,4/13/2021,25,Atlasxomics,Gen1,transcriptomics,FF,,human,Kidney,na,Achen,S3,,,,SSY,,0,0,0,SSY,,0,0,,1,7.75,,overnight,,MW,13,14,na,4.20.21,0,0,na,,,,,,,,,,,,,,,,,,,,,,,,,,,,,,,,,,,,,,,,,,,,,,,"Removed dimers, but no library"
D51_c,79,1,4/13/2021,25,Atlasxomics,Gen1,transcriptomics,FF,,human,Kidney,na,Achen,S3,,,,SSY,,0,0,0,SSY,,0,0,,1,7.75,,overnight,,SSY,17,18,0.412,,,,,,,,,,,,,,,,,,,,,,,,,,,,,,,,,,,,,,,,,,,,,,,,,,,
D52,79,0,4/13/2021,25,Atlasxomics,Gen1,transcriptomics,FF,,human,Kidney,na,Achen,S3,,,,SSY,,0,0,0,SSY,,0,0,,1,7.75,,overnight,,MW,13,14,0.379,4.17.21,1485,25,0.09,0,MW,701,TAAGGCGA,12,0.16,4.19.21,833,94,0,0.3,,,,,,,,,,,,,,,,,,,,,,,,,,,,,,,,,,,,NGS with cleaned cDNA; very small library.  Maybe repeat with 2x?
D52_b,79,1,4/13/2021,25,Atlasxomics,Gen1,transcriptomics,FF,,human,Kidney,na,Achen,S3,,,,SSY,,0,0,0,SSY,,0,0,,1,7.75,,overnight,,MW,13,14,na,4.20.21,1665,86,na,1,MW,,,,,,,,,,,,,,,,,,,,,,,,,,,,,,,,,,,,,,,,,,,,,
D52_c,79,1,4/13/2021,25,Atlasxomics,Gen1,transcriptomics,FF,,human,Kidney,na,Achen,S3,,,,SSY,,0,0,0,SSY,,0,0,,1,7.75,,overnight,,SSY,17,18,1.02,,,,,,,,,,,,,,,,,,,,,,,,,,,,,,,,,,,,,,,,,,,,,,,,,,,
D53,80,0,4/14/2021,25,Atlasxomics,Gen1,transcriptomics,FFPE,,human,polyp,na,Vanderbilt,S1,,,,MW,,0,"2,6,22","12, 20",MW,,0,22,,1,9.5,,overnight,,MW,16,17,0.604,4.17.21,690,31,0.19,0,MW,701,TAAGGCGA,12,1.23,4.19.21,514,93,0,3.6,,,,1,,,,Yale,,,,,,,,,,,,,,,,,,,,,,,,,,,,REmove LMW products.
D53_b,80,1,4/14/2021,25,Atlasxomics,Gen1,transcriptomics,FFPE,,human,polyp,na,Vanderbilt,S1,,,,MW,,0,"2,6,22","12, 20",MW,,0,22,,1,9.5,,overnight,,MW,16,17,0.0436,4.20.21,1905,42,0.02,1,MW,701,TAAGGCGA,12,0.875,4.20.21,350,68,1,3.8,0.875,350,3.8,1,0,4/20/2021,6,Novogene,0.94,433,0.4,0,fail,complete,5/8/2021,18,5/18/2021,10,28,,150,1,NVUS2021040752,Novaseq,200,,,,,,2500,3847,1613,,,Ship!
D54,81,0,4/15/2021,25,Atlasxomics,Gen1,transcriptomics,FFPE,,human,Kidney,na,Aachen,S1,,,,MW,,0,"4,8",2,MW,,0,0,,1,9,,overnight,,MW,16,17,0.682,4.17.21,452,41,0.28,0,MW,701,TAAGGCGA,12,5.99,4.19.21,722,98,0,12.6,,,,,,,,,,,,,,,,,,,,,,,,,,,,,,,,,,,,Remove LMW products.
D54_b,81,1,4/20/2021,25,Atlasxomics,Gen1,transcriptomics,FFPE,,human,Kidney,na,Aachen,S1,,,,MW,,0,"4,8",2,MW,,0,0,,1,9,,overnight,,MW,16,17,0.269,4.20.21,1234,90,0.24,1,MW,701,TAAGGCGA,12,4.22,4.20.21,712,99,1,9.0,1.5,649,4.1,TRUE ,1,5/25/2021,35,Yale,,,,,,,,,,,,,,,,HiSeq4000,,,,,,,,,,,,Sequence at Yale!
D55,82,0,4/20/2021,25,Atlasxomics,Gen1,transcriptomics,FFPE,,human,Kidney,na,Aachen,S1,,,,SSY,,1,47,0,SSY,,0,0,,1,7.5,,overnight,,SSY,13,14,0.402,,,,,,,,,,,,,,,,,,,,,,,,,,,,,,,,,,,,,,,,,,,,,,,,,,,
D56,83,0,4/21/2021,25,Atlasxomics,Gen1,transcriptomics,FFPE,,human,HGSC FTE,na,UTSW,S1,,,,MW,,1,25-1,"19,41,40",JM,,0,36,0,2,11,,overnight,,JM,16,17,,,,,,,,,,,,,,,,,,,,,,,,,,,,,,,,,,,,,,,,,,,,,,,,,,,,
D57,83,0,4/21/2021,25,Atlasxomics,Gen1,transcriptomics,FFPE,,human,HGSC FTE,na,UTSW,S1,,,,MW,,FALSE ,"42, 38",0,JM,,0,"49,48,47,46",0,2,11,,overnight,,JM,na,35,,,,,,,,,,,,,,,,,,,,,,,,,,,,,,,,,,,,,,,,,,,,,,,,,,,,
D58,84,0,4/22/2021,25,Atlasxomics,Gen1,transcriptomics,FF,,human,Kidney,na,Aachen,S1,,,,SSY,,0,0,0,MW,,0,0,0,2,na,,overnight,20,,,,,,,,,,,,,,,,,,,,,,,,,,,,,,,,,,,,,,,,,,,,,,,,,,,,,,,
D59,84,0,4/22/2021,25,Atlasxomics,Gen1,transcriptomics,FF,,human,Kidney,na,Aachen,S1,,,,SSY,,0,"5, 13","4, 13",MW,,FLASE,0,0,2,na,,overnight,20,,,,,,,,,,,,,,,,,,,,,,,,,,,,,,,,,,,,,,,,,,,,,,,,,,,,,,,
D60,86,0,4/27/2021,25,Atlasxomics,Gen1,transcriptomics,FF,,mouse,embryo,E11,Zyagen,Atlas09,,,,JM,,na,na,46,JM,,na,na,39,1,9.5,,2 hour,2,JM,13,15,4.23,5.3.21,1162,93,3.93,1,JM,701,TAAGGCGA,12,3.23,5.3.21,796,97,1,6.1,3.23,796,6.1,1,0,5/5/2021,8,,,,,,hold,finished,5/16/2021,11,5/18/2021,2,13,,150,1,,Novaseq,200,,,224,67.2,,1556,11532.65,3451,0.8,,
D60_val,121,1,4/27/2021,25,Atlasxomics,Gen1,transcriptomics,FF,,mouse,embryo,E11,Zyagen,Atlas09,,,,JM,,na,na,46,JM,,na,na,39,1,9.5,,2 hour,2,JM,13,15,4.23,5.3.21,1162,93,3.93,1,JM,706,,12,2.92,6.15.21,899,98,1,4.9,,,,1,1,6/18/2021,52,Atlasxomics,,,,,,,,,,,,,100,6,,NextSeq 2000,183,,,196.45,39.29,,1228,4655.91,1818.61,0.86,,
D61,88,0,4/28/2021,25,Atlasxomics,Gen1,,FF,,mouse,Embryo,E11,Zyagen,Atlas07,,,,SSY,,0,0,0,SSY,,1,"1,3,5,9",13,1,7.5,,overnight,16,JM,15,16,3.62,5.3.21,1494,92,3.33,1,JM,701,TAAGGCGA,12,2.54,5.3.21,691,94,1,5.6,2.54,691,5.6,1,0,5/5/2021,7,,,,,,hold,finished,5/16/2021,11,5/18/2021,2,13,,150,1,,Novaseq,200,,,,,,2055,2158.9,1102,,,
D62,90,0,4/29/2021,25,Atlasxomics,Gen1,transcriptomics,FF,,mouse,embryo,E11,Zyagen,Atlas09,,,,JM,,na,na,0,JM,,0,0,0,1,na,,2 hour,2,JM,13,15,1.91,5.3.21,992,72,1.38,1,JM,701,TAAGGCGA,12,1.87,5.3.21,814,96,1,3.5,1.87,814,3.5,1,0,5/5/2021,6,,,,,,hold,finished,5/16/2021,11,5/18/2021,2,13,,150,1,,Novaseq,200,,,,,,1645,8732.3,3118.2,,,
D63,91,0,5/3/2021,25,Atlasxomics,Gen1,,FF,,mouse,embryo,E11,Zyagen,Atlas09,,,,SSY,,0,na,na,SSY,,na,na,na,1,9.2,,2 hour,2,SSY,14,16,1.81,5.5.21,3937,82,1.48,1,SSY,702,CGTACTAG,12,,,,,,6.5,4.67,611,10,TRUE ,1,5/19/2021,16,Novogene,,,,,,finished,6/11/2021,23,,,,,150,2,,Novaseq,200,,,,,,,,,,,
D64,92,0,5/4/2021,25,Atlasxomics,Gen1,transcriptomics,FF,,mouse,embryo,E11,Zyagen,Atlas09,,,,MW,,na,na,0,MW,,na,na,0,1,6.8,,overnight,,JM,14,18,9.96,5.10.21,1655,89,8.86,1,JM,701,TAAGGCGA,12,5.64,5.10.21,958,98,1,8.9,5.64,958,8.9,1,0,5/12/2021,8,Novogene,5.32,642,7.46,0,hold,waiting,5/27/2021,15,5/31/2021,4,19,23,150,1,,Novaseq,200,,81.57,227,68.1,,2343,10865.26,3133.57,,,accidently ran for 4 extra PCR cycles
D64_val,121,1,5/4/2021,25,Atlasxomics,Gen1,transcriptomics,FF,,mouse,embryo,E11,Zyagen,Atlas09,,,,MW,,na,na,0,MW,,na,na,0,1,6.8,,overnight,,JM,14,18,9.96,5.10.21,1655,89,8.86,1,JM,705,,12,2.55,6.15.21,873,99,1,4.4,,,,1,1,6/18/2021,45,Atlasxomics,,,,,,,,,,,,,100,6,,NextSeq 2000,183,,,204.75,40.95,,1244,6592.31,2380.75,,,
D65,93,0,5/5/2021,25,Atlasxomics,Gen1,transcriptomics,FF,,mouse,embryo,E11,Zyagen,Atlas09,,,,JM,,na,na,na,JM,,na,na,na,1,8,,overnight,,JM,14,18,7.23,5.10.21,1430,91,6.58,1,JM,701,TAAGGCGA,12,3.29,5.10.21,983,98,1,5.1,3.29,983,5.1,1,0,5/12/2021,7,Novogene,3.35,655,9.58,0,hold,waiting,5/27/2021,15,5/31/2021,4,19,22,150,1,,Novaseq,200,,81.87,195,58.4,,1372,12804.54,3815.28,,,accidently ran for 4 extra PCR cycles
D65_val,121,1,5/5/2021,25,Atlasxomics,Gen1,transcriptomics,FF,,mouse,embryo,E11,Zyagen,Atlas09,,,,JM,,na,na,na,JM,,na,na,na,1,8,,overnight,,JM,14,18,7.23,5.10.21,1430,91,6.58,1,JM,704,,12,4.49,6.15.21,1006,98,1,6.8,,,,1,1,6/18/2021,44,Atlasxomics,,,,,,,,,,,,,100,6,,NextSeq 2000,183,,,202.95,40.59,,1479,6134.48,2368.24,,,
D66,94,0,5/6/2021,25,Atlasxomics,Gen1,,FF,,mouse,embryo,E11,Zyagen,Atlas09,,,,SSY,,na,na,na,SSY,,na,na,na,1,7,,overnight,,JM,14,18,1.64,5.10.21,1843,59,0.97,1,JM,701,TAAGGCGA,12,1.31,5.10.21,981,97,1,2.0, ,981,2.0,1,0,5/12/2021,6,Novogene,0.96,613,3.24,0,hold,waiting,5/27/2021,15,5/31/2021,4,19,21,150,1,,Novaseq,200,,84.42,182,54.7,,1515,3272.2,1514.2,,,
D67,95,0,5/10/2021,25,Atlasxomics,Gen1,,FF,,mouse,embryo,E11,Zyagen,Atlas09,,,,SSY,050821-SSY,na,na,na,SSY,,na,na,na,2,11.5,,2 hour,2,SSY,13,15,,,,,,,,,,,,,,,,,,,,,,,,,,,,,,,,,,,,,,,,,,,,,,,,,,,,
D68,95,0,5/10/2021,25,Atlasxomics,Gen1,,FF,,mouse,embryo,E11,Zyagen,Atlas09,,,,SSY,050821-SSY,na,na,na,SSY,,na,na,na,2,11.5,,2 hour,2,SSY,14,15,,,,,,,,,,,,,,,,,,,,,,,,,,,,,,,,,,,,,,,,,,,,,,,,,,,,
D69,96,0,5/12/2021,25,Atlasxomics,Gen1,CUT&Tag-seq,FF,,mouse,embryo,E11,Zyagen,Atlas09,,,,YD,hsr-V2 barcodes ,na,na,na,YD,,na,na,na,1,9,,2hr + 1 hr rotation,3,YD,na,na,na,na,na,na,na,na,YD,701,TAAGGCGA,12,4.11,5.13.21,1324,36,1,4.7,1.97,1324,2.26,TRUE ,0,5/19/2021,7,,,,,,fail,returned,6/11/2021,23,,,,,150,1,,Novaseq,200,,,,,,,,,,,Crazy strong dimer ~100bp
D70,96,0,5/12/2021,25,Atlasxomics,Gen1,CUT&Tag-seq,FF,,mouse,embryo,E11,Zyagen,Atlas09,,,,MW,hsr-V1 barcodes ,na,na,na,MW,,na,na,na,1,9,,2hr + 1 hr rotation,3,MW,na,na,na,na,na,na,na,na,MW,Custom Ad2.1,TAAGGCGA,12,1.41,5.13.21,1702,70,1,1.3,0.50,598,1.3,1,1,6/1/2021,20,Novogene,,,,,,,,,,,,,,3,,HiSeq,,,,,,,,,,,,
D71,97,0,5/13/2021,25,Atlasxomics,Gen1,transcriptomics,FF,,human,liver,na,Zyagen,Atlas05,,,,JM,051321-JM,na,na,na,JM,,na,na,na,1,na,,overnight,,JM,15,17,2.95,5.25.21,871,81,2.39,1,JM,702,CGTACTAG,12,3.36,5.24.21,514,97,0,9.9,,,,,,,,,,,,,,,,,,,,,,,,,,,,,,,,,,,,"extreamly peaky NGS library, probably not worth sequencing"
D72,98,0,5/17/2021,25,Atlasxomics,Gen1,,FF,,Human,Ovarian,na,BioIVT,S13020000852,,,,SSY,051321-JM,na,na,na,SSY,,na,na,na,2,7,,overnight,15 hrs,SSY,16,17,19.9,5.19.21,6546,84,16.72,1,SSY,701,TAAGGCGA,12,1.53,5.19.21,600,91,1,3.9,1.53,600,3.9,1,0,5/26/2021,9,Novogene,,,,,,returned,6/7/2021,12,6/13/2021,6,18,21,150,1,,,,,,,,,2488,2418.7,1255.8,,,
D73,98,0,5/17/2021,25,Atlasxomics,Gen1,,FF,,Human,Ovarian,na,BioIVT,S13020000852,,,,SSY,051321-JM,na,na,na,SSY,,na,na,na,2,7,,overnight,15 hrs,SSY,14,17,22.9,5.19.21,1335,58,13.28,1,SSY,702,CGTACTAG,12,1.01,5.19.21,781,90,1,2.0,1.01,781,2.0,1,0,5/26/2021,9,Novogene,,,,,,returned,6/7/2021,12,6/13/2021,6,18,21,150,1,,,,,,,,,2500,1628.9,981.9,,,
D74,99,0,5/17/2021,25,Atlasxomics,Epigenomics,CUT&Tag-seq,FF,,mouse,embryo,E11,Zyagen,Atlas07,,,,MW,hsr-V1 barcodes ,na,na,na,MW,,na,na,na,1,8.75,,2hr + 1 hr rotation,3,,,,,,,,,,,Custom Ad2.2,CGTACTAG,12,1.56,5.25.21,1371,97,1,1.7,0.59,518,1.3,1,1,6/1/2021,15,Novogene,,,,,,,,,,,,,,3,,HiSeq,,,,,,,,,,,,
D75,99,0,5/17/2021,25,Atlasxomics,Epigenomics,CUT&Tag-seq,FF,,mouse,embryo,E11,Zyagen,Atlas07,,,,MW,hsr-V1 barcodes ,na,na,0,MW,,,,,1,8.75,,2hr + 1 hr rotation,3,,,,,,,,,,,Custom Ad2.3,AGGCAGAA,12,0.806,5.25.21,2059,87,1,0.6,0.22,556.0,1.3,1,1,6/1/2021,15,Novogene,,,,,,,,,,,,,,3,,HiSeq,,,,,,,,,,,,
D76,100,0,5/18/2021,25,Atlasxomics,Gen1,transcriptomics,FF,,human,ovary,na,BioIVT,S13020000852,,,,JM,051321-JM,na,na,"49, 41, 36, 35, 11",JM,,na,na,na,2,na,,overnight,15 hrs,MBE,14,16,2.59,5.20.21,1544,82,2.12,1,MBE,701,TAAGGCGA,12,1.95,5.20.21,574,93,1,5.1,1.95,574,5.1,1,0,5/26/2021,8,Novogene,,,,,,returned,6/7/2021,12,6/13/2021,6,18,20,150,1,,,,,,,,,2495,825.4,524.3,,,1282871F (135128)
D77,100,0,5/18/2021,25,Atlasxomics,Gen1,transcriptomics,FF,,human,ovary,na,BioIVT,S13020000852,,,,MBE,051321-JM,na,na,25,MBE,,na,na,na,2,na,,overnight,15 hrs,MBE,13,15,3.1,5.20.21,1550,68,2.11,1,MBE,701,TAAGGCGA,12,1.6,5.20.21,753,88,1,3.2,1.6,753,3.2,1,0,5/26/2021,8,Novogene,,,,,,returned,6/7/2021,12,6/13/2021,6,18,20,150,1,,,,,,,,,2500,2183.4,1175.6,,,1282871F (135128)
D78,102,0,5/18/2021,25,Atlasxomics,Gen1,transcriptomics,FF,,human,ovary,na,BioIVT,S13020000852 (135128),,,,MW,051321-JM,1,na,"26, 27,  28, 42, 49",MW,,0,na ,1,2,9,,overnight,15.5hrs,MW,13,14,1.08,5.24.21,1600,69,0.75,1,MW,701,TAAGGCGA,12,2,5.24.21,794,95,1,3.8,2,794,3.8,1,0,5/26/2021,8,Novogene,,,,,,returned,6/20/2021,25,6/22/2021,2,27,,150,1,,NovaSeq,,,,,,,2498,3366.1,1686.3,,,
D79,102,0,5/18/2021,25,Atlasxomics,Gen1,transcriptomics,FF,,human,ovary,na,BioIVT,S13020000852 (135128),,,,MW,051321-JM,0,na,0,MW,,0,na,na,2,9,,overnight,15.5hrs,MW,13,14,2.37,5.24.21,2068,88,2.09,1,MW,701,TAAGGCGA,12,1.67,5.24.21,698,95,1,3.6,1.67,698,3.6,1,0,5/26/2021,8,Novogene,,,,,,returned,6/20/2021,25,6/22/2021,2,27,,150,1,,NovaSeq,,,,,,,2500,2751.9,1459.5,,,Some spatial clusters
D80,103,0,5/20/2021,25,Atlasxomics,Gen1,transcriptomics,FF,,human,kidney,na,Aachen,S1,,,,JM,051321-JM,na,na,0,JM,,0,na,0,1,8,0,2 hour,2,JM,15,17,0.666,5.24.21,2112,81,0.54,1,JM,701,TAAGGCGA,12,0.727,5.24.21,1242,71,0,0.9,,,,,,,,,,,,,,,,,,,,,,,,,,,,,,,,,,,,
D80_alt,103,1,5/20/2021,25,Atlasxomics,Gen1,transcriptomics,FF,,human,kidney,na,Aachen,S1,,,,JM,051321-JM,na,na,0,JM,,0,na,0,1,8,0,2 hour,2,JM,15,17,0.666,5.24.21,2112,81,0.54,1,JM,702,CGTACTAG,12,1.59,5.24.21,592,90,1,4.1,1.59,592,4.1,1,0,5/25/2021,5,Yale,na,na,na,na,na,returned,,,,,,,100,1,,HiSeq4000,,,,,,,na,na,na,,,
D81,104,0,5/23/2021,25,Atlasxomics,Gen1,transcriptomics,ff,,mouse,embryo,E11,Zyagen,Atlas11,,,,MW,52321-MW,0,na,0,GR,,0,0,na,1,na,0,overnight ,16hrs,MW,13,14,11.1,5.28.21,1909,95,10.55,1,MW,701,TAAGGCGA,12,2.27,5.28.21,633,99,1,5.4,2.27,631,5.5,1,0,6/1/2021,9,Novogene,,,,,,returned,6/10/2021,9,6/15/2021,5,14,,150,1,,NovaSeq,200,,,201.33,60.4,,2271,5629.29,1982.49,,,
D81_val,121,1,5/23/2021,25,Atlasxomics,Gen1,transcriptomics,ff,,mouse,embryo,E11,Zyagen,Atlas11,,,,MW,52321-MW,0,na,0,GR,,0,0,na,1,na,0,overnight ,16hrs,MW,13,14,11.1,5.28.21,1909,95,10.55,1,JM,703,,12,2.32,6.15.21,567,98,1,6.2,,,,1,1,6/18/2021,26,Atlasxomics,,,,,,returned,,,,,,,100,6,,NextSeq 2000,183,,,198.95,39.79,,1336,4247.95,1717.11,,,
D82,104,0,5/23/2021,25,Atlasxomics,Gen1,transcriptomics,ff,,mouse,embryo,E11,Zyagen,Atlas11,,,,GR,52321-MW,0,na,0,MW,,0,0,na,1,na,,overnight ,16hrs,MW,12,13,10.9,5.28.21,1640,98,10.68,1,MW,701,TAAGGCGA,12,0.884,5.28.21,623,96,1,2.1,0.884,615,2.2,1,0,6/1/2021,9,Novogene,,,,,,returned,6/10/2021,9,6/15/2021,5,14,,150,1,,NovaSeq,200,,,,,,2289,7992.4,2934,,,
D83,105,0,5/24/2021,25,Atlasxomics,Gen1,transcriptomics,FF,,mouse,embryo,E11,Zyagen,Atlas11,,,,MBE,52321-MW,0,na,29,MBE,,0,na,na,1,10,0,2 hours,2 hrs,MBE,12,13,6.23,5.28.21,1933,82,5.11,1,MBE,701,TAAGGCGA,12,4.69,5.28.21,644,95,1,11.0,4.69,629,11.3,1,0,6/1/2021,8,Novogene,,,,,,returned,6/10/2021,9,6/15/2021,5,14,,150,1,,NovaSeq,200,,,296,88.8,,2095,10200.1,2947.92,1,,
D83_val,121,1,5/24/2021,25,Atlasxomics,Gen1,transcriptomics,FF,,mouse,embryo,E11,Zyagen,Atlas11,,,,MBE,52321-MW,0,na,29,MBE,,0,na,na,1,10,0,2 hours,2 hrs,MBE,12,13,6.23,5.28.21,1933,82,5.11,1,JM,702,,12,4.99,6.15.21,725,97,1,10.4,,,,1,1,6/18/2021,25,Atlasxomics,,,,,,returned,6/20/2021,2,,,,,100,6,,NextSeq 2000,183,,,210.5,42.1,,1524,5072.86,1937.63,1,,
D84,106,0,5/25/2021,25,Atlasxomics,Gen1,transcriptomics,FF,,mouse,embryo,E11,Zyagen,Atlas11,,,,MBE,52321-MW,0,"1,2,37,38",na,MBE,,0,na,na,1,10,0,2 hours,2 hrs,MBE,12,13,2.96,5.28.21,1468,21,0.62,,MBE,701,TAAGGCGA,12,1.51,5.28.21,776,85,1,2.9,1.51,723,3.2,1,0,6/1/2021,7,Novogene,,,,,,returned,6/10/2021,9,6/15/2021,5,14,,100,,,,,,,,,,2125,3699.2,1380.1,,,
D85,108,0,5/26/2021,25,Atlasxomics,Gen1,transcriptomics,FF,,mouse,embryo,E11,Zyagen,Atlas11,,,,MBE,52321-MW,na,na,na,MBE,,0,,,1,9.5,0,2 hours,,MBE,12,13,9.55,5.28.21,1654,82,7.83,1,MBE,701,TAAGGCGA,12,3.98,5.28.21,687,97,1,8.8,3.98,676,8.9,1,0,6/1/2021,6,Novogene,,,,,,returned,6/10/2021,9,6/15/2021,5,14,,150,1,,NovaSeq,200,,,300.67,90.2,,2104,8370.25,2558.97,,,
D85_val,121,1,5/26/2021,25,Atlasxomics,Gen1,transcriptomics,FF,,mouse,embryo,E11,Zyagen,Atlas11,,,,MBE,52321-MW,na,na,na,MBE,,0,,,1,9.5,0,2 hours,,MBE,12,13,9.55,5.28.21,1654,82,7.83,1,JM,701,,12,4.55,6.15.21,608,95,1,11.3,,,,1,1,6/18/2021,23,Atlasxomics,,,,,,returned,6/20/2021,2,,,,,100,6,,NextSeq 2000,183,,,262.3,52.46,,1602,4737.68,1872.15,1,,
D86,109,0,6/1/2021,25,Atlasxomics,Gen1,transcriptomics,FF,,human,polyp,na,Vanderbilt,S1,,,,JM,52321-MW,na,na,"8,11",JM,,na,na,na,1,8,,overnight,,JM,13,14,0.689,6.8.21,2029,64,0.44,1,JM,701,TAAGGCGA,12,1.02,6.8.21,706,83,1,2.2,1.02,706,2.2,1,0,6/9/2021,8,Novogene,0.73,535,4.8,1,hold,returned,6/19/2021,10,6/24/2021,5,15,,150,1,,NovaSeq,200,,,,,,1569,12.4,10.8,na,,
D87,110,0,6/2/2021,25,Atlasxomics,Suburbia,transcriptomics,FF,,mouse,embryo,E11,Zyagen,Atlas09,,,,MW,060221-MW,1,na,na,MW,,1,na," 31, 35, 44",1,8.75,,overnight,15hrs,JM,14,15,0.588,6.8.21,1160,82,0.48,1,JM,701,TAAGGCGA,12,3.74,6.8.21,579,97,1,9.8,3.74,579,9.8,1,0,6/9/2021,7,Novogene,2.98,512,15.56,1,hold,returned,6/19/2021,10,6/24/2021,5,15,,150,1,,NovaSeq,200,,,,,,1577,2747.75,1413.67,,,poor clustering
D88,111,0,6/3/2021,25,Atlasxomics,Suburbia,transcriptomics,FF,,mouse,embryo,E11,Zyagen,Atlas09,,,,MW,060221-MW,1,na,"4, 19",MW,,0,na ,0,1,7.75,,overnight ,14hrs,JM,13,14,1.52,6.8.21,1311,94,1.43,1,JM,701,TAAGGCGA,12,5.47,6.8.21,636,97,1,13.0,5.47,636,13.0,1,0,6/9/2021,6,Novogene,3.72,531,21.27,1,hold,returned,6/19/2021,10,6/24/2021,5,15,,150,1,,NovaSeq,200,,,,,,1661,8491.45,2749.02,,,
D89,112,0,6/7/2021,25,Atlasxomics,Suburbia,transcriptomics,FF,,mouse,embryo,E11,Zyagen,Atlas09,,,,MBE,060221-MW,1,na,na,MBE,,1,na,0,1,8,0,overnight,16hrs,MW,14,16,0.736,6.10.21,1234,51,0.38,1,MW,701,TAAGGCGA,12,1.45,6.10.21,731,94,1,3.0,,,,1,1,6/25/2021,18,Atlasxomics,na,na,na,na,na,returned,6/27/2021,2,7/6/2021,9,11,29,100,6,,NextSeq 2000,183,,,205.65,41.13,,1603,1971.46,803.99,,,Extreamly poor clustering with stripes
D90,113,0,6/8/2021,25,Atlasxomics,Suburbia,transcriptomics,FF,,mouse,embryo,E11,Zyagen,Atlas09,,,,SSY,060221-MW,1,na,na,SSY,,1,na,0,1,8.5,0,overnight,14 hrs,MW,16,18,0.428,6.10.21,1582,15,0.06,0,MW,701,TAAGGCGA,12,0.255,6.10.21,632,51,0,0.6,,,,,,,,,,,,,,,,,,,,,,,,,,,,,,,,,,,,
D91,114,0,6/8/2021,25,Atlasxomics,Gen1,transcriptomics,FF,,mouse,embryo,E11,Zyagen,Atlas11,,,,MW,060721-JM-Dye,0,0,0,MW,,0,0,0,2,8.75,,overnight,12hrs ,MW,13,16,6.38,6.10.21,1263,96,6.12,1,MW,701,TAAGGCGA,12,3.55,6.10.21,672,99,1,8.0,,,,1,1,6/23/2021,15,Atlasxomics,,,,,,returned,6/25/2021,2,7/8/2021,13,15,30,100,8,,NextSeq 2000,138,,,124.8,24.96,7,1723,3788,1725,1,,
D92,114,0,6/8/2021,25,Atlasxomics,Gen1,transcriptomics,FF,,mouse,embryo,E11,Zyagen,Atlas11,,,,MW,052321-MW,1,na,0,MW,,0,0,0,2,8.75,,overnight,12hrs ,MW,14,16,8.96,6.10.21,1396,98,8.78,1,MW,701,TAAGGCGA,12,4.41,6.10.21,714,99,1,9.4,,,,,,,,,,,,,,,,,,,,,,,,,,,,,,,,,,,,
D92_b,114,1,6/8/2021,25,Atlasxomics,Gen1,transcriptomics,FF,,mouse,embryo,E11,Zyagen,Atlas11,,,,MW,052321-MW,1,na,0,MW,,0,0,0,2,8.75,,overnight,12hrs ,MW,14,16,8.96,6.10.21,1396,98,8.78,1,JM,706,,12,2.25,6.21.21,660,98,1,5.2,,,,1,1,6/23/2021,15,Atlasxomics,,,,,,returned,6/25/2021,2,7/8/2021,13,15,30,100,8,,NextSeq 2000,138,,,134.35,26.87,17,1592,3896,1786,0.50,,
D93,115,0,6/9/2021,25,Atlasxomics,Gen1,transcriptomics,FF,,mouse,embryo,E11,Zyagen,Atlas11,,,,SSY,060721-JM-Dye,0,NA,NA,SSY,060721-JM-Dye,0,0,0,2,8.2,,overnight,15hrs,JM,11,14,3.14,6.16.21,1285,90,2.83,1,MW,702,CGTACTAG,12,2.54,6.16.21,672,97,1,5.7,,,,1,1,6/23/2021,14,Atlasxomics,,,,,,returned,6/25/2021,2,7/8/2021,13,15,29,100,8,,NextSeq 2000,138,,,158.25,31.65,14,1551,3903.24,1692,1,,
D94,115,0,6/9/2021,25,Atlasxomics,Gen1,transcriptomics,FF,,mouse,embryo,E11,Zyagen,Atlas11,,,,SSY,060821-JM,0,NA,NA,SSY,052321-MW,0,0,0,2,8.2,,overnight,15hrs,JM,14,15,2.19,6.16.21,1369,86,1.88,1,MW,703,,12,4.89,6.16.21,720,98,1,10.3,,,,1,1,6/23/2021,14,Atlasxomics,,,,,,returned,6/25/2021,2,7/8/2021,13,15,29,100,8,,NextSeq 2000,138,,,251.55,50.31,13,1521,2441.5,1162.71,1,,
D95,116,0,6/9/2021,25,Atlasxomics,Suburbia,transcriptomics,FF,,mouse,embryo,E11,Zyagen,Atlas09,,,,JM,060821-JM,NA,NA,NA,JM,,NA,"28, 31, 32, 36",,1,na,1,,,,,,,,,,,0,,,,,,,,,,,,,,,,,,,,,,,,,,,,,,,,,,,,,,,,,,,,,,Slide cracked
D96,117,0,6/14/2021,25,Atlasxomics,Suburbia,transcriptomics,FF,,mouse,embryo,E11,Zyagen,Atlas12,,,,MW,052321-MW,0,2,36,MW,,NA,NA,NA,1,na,1,slide cracked,NA,,,,,,,,,0,,,,,,,,,,,,,,,,,,,,,,,,,,,,,,,,,,,,,,,,,,,,,,
D97,118,0,6/14/2021,25,Atlasxomics,Gen1,transcriptomics,FF,,mouse,embryo,E11,Zyagen,Atlas11,,,,MBE,060721-JM-Dye,0,"5,7,9,15,17,19,35,39,41",0,MBE,060721-JM-Dye,0,,,2,8.5,0,overnight ,16 hrs,JM,14,15,2.47,6.16.21,1136,85,2.10,1,MW,704,,12,4.06,6.16.21,755,97,1,8.1,,,,1,1,6/23/2021,9,Atlasxomics,,,,,,,,,,,,,100,8,,NextSeq 2000,138,,,211.2,42.24,6,1505,4240.77,1626.57,1,,
D98,118,0,6/14/2021,25,Atlasxomics,Gen1,transcriptomics,FF,,mouse,embryo,E11,Zyagen,Atlas11,,,,MBE,052321-MW,0,NA,0,MBE,052321-MW,,,,2,8.5,0,overnight ,16 hrs,JM,14,15,2.01,6.16.21,1077,84,1.69,1,MW,705,,12,2.81,6.16.21,671,98,1,6.3,,,,1,1,6/23/2021,9,Atlasxomics,,,,,,returned,6/25/2021,2,7/6/2021,11,13,22,100,8,,NextSeq 2000,138,,,186.4,37.28,10,1101,2449.21,1075.53,1,,
D99,119,0,6/15/2021,25,Atlasxomics,Suburbia,transcriptomics,FF,,mouse,embryo,E11,Zyagen,Atlas12,,,,SSY,060221-Suburbia_MW,0,NA,NA,SSY,060221_suburbia_MW,0,0,0,1,7.25,,overnight ,15.5 hrs,MW,12,14,4.55,6.24.21,1209,94,4.28,1,MW,702,CGTACTAG,12,5.26,6.24.21,750,98,1,10.6,,,,1,1,6/25/2021,10,Atlasxomics,,,,,,returned,6/27/2021,2,7/6/2021,9,11,21,100,6,,NextSeq 2000,184,,,121.3,24.26,,1589,4402.27,1964.15,0.39,,
D100,120,0,6/15/2021,25,Atlasxomics,Gen1,transcriptomics,FF,,mouse,embryo,E11,Zyagen,Atlas11,,,,MW,060821-JM,0,na,0,MW,052321-MW,0,0,28,2,8.45,,overnight ,15 hrs ,MW,12,14,12,6.21.21,1653,93,11.16,1,JM,707,,12,1.87,6.21.21,752,98,1,3.8,,,,,,6/23/2021,8,Atlasxomics,,,,,,returned,6/25/2021,2,7/8/2021,13,15,23,100,8,,NextSeq 2000,138,,,114.15,22.83,7,1694,5132.98,2181.21,1,,
D101,120,0,6/15/2021,25,Atlasxomics,Gen1,transcriptomics,FF,,mouse,embryo,E11,Zyagen,Atlas11,,,,MW,060721-JM-Dye,0,0,0,MW,060721-JM-Dye,0,0,0,2,8.45,,overnight ,15 hrs,MW,14,15,10.2,6.21.21,1448,95,9.69,1,JM,708,,12,1.19,6.21.21,602,95,1,3.0,,,,,,6/23/2021,8,Atlasxomics,,,,,,returned,6/25/2021,2,7/8/2021,13,15,23,100,8,,NextSeq 2000,138,,,131.25,26.25,12,1379,4338.47,1821.09,1,,
D102,121,0,6/16/2021,25,Atlasxomics,Suburbia,transcriptomics,FF,,mouse,embryo,E11,Zyagen,Atlas12,,,,MBE,060221-Suburbia_MW,NA,,"28,39,47,42,13,17,21",MBE,060221_suburbia_MW,NA,,,1,6.75,,overnight,,MW,14,16,0.953,6.24.21,1104,79,0.75,1,MW,703,AGGCAGAA,12,2.42,6.24.21,671,99,1,5.5,,,,1,1,6/25/2021,9,Atlasxomics,,,,,,returned,6/27/2021,2,7/6/2021,9,11,20,100,,,,,,,142.1,28.42,,1962,3107.89,1464.69,0,,
D103,122,0,6/16/2021,25,Atlasxomics,Gen1,transcriptomics,FF,,human,kidney,na,Aachen,S1,,,,JM,060821-JM,NA,NA,0,JM,052321-MW,NA,NA,0,1,8.5,,overnight,,MW,14,16,0.52,6.21.21,1887,21,0.11,1,JM,708,,12,0.929,6.21.21,840,77,1,1.7,,,,1,1,6/25/2021,9,Atlasxomics,,,,,,returned,6/27/2021,2,7/6/2021,9,11,20,100,,,,,,,471.3,94.26,,797,186.7,135.39,0,,
D104,124,0,6/17/2021,25,Atlasxomics,Gen1,transcriptomics,FF,,mouse,embryo,E11,Zyagen,Atlas11,,,,SSY,060821-JM,NA,NA,1,SSY,052321-MW & 022421-JM,NA,NA,1,2,9.5,,overnight,16,JM,14,15,9.56,7/2/2021,1248,94,8.99,1,MW,701,TAAGGCGA,12,2.88,7/6/2021,661,97,1,6.6,,,,1,1,7/8/2021,21,Atlasxomics,,,,,,returned,7/10/2021,2,7/14/2021,4,6,27,100,7,,NextSeq 2000,157,,85.17,128.6,25.72,8,1528,3598.43,1529.58,1,,
D105,124,0,6/17/2021,25,Atlasxomics,Gen1,transcriptomics,FF,,mouse,embryo,E11,Zyagen,Atlas11,,,,SSY,060821-JM,NA,NA,2,SSY,052321-MW & 022421-JM,NA,NA,2,2,9.5,,overnight,16,JM,13,14,6.37,7/2/2021,999,93,5.92,1,MW,702,CGTACTAG,12,6.84,7/6/2021,690,94,1,15.0,,,,1,1,7/8/2021,21,Atlasxomics,,,,,,returned,7/10/2021,2,7/14/2021,4,6,27,100,7,,NextSeq 2000,157,,85.17,201.05,40.21,11,1434,5804.22,2121.47,1,,
D106,125,0,6/17/2021,25,Atlasxomics,Suburbia,transcriptomics,FF,,mouse,embryo,E11,Zyagen,Atlas12,,,,JM,061621-Suburbia_MW,NA,NA,0,JM,,NA,NA,NA,1,na,1,,,,,,,,,,,,,,,,,,,,,,,,,,,,,,,,,,,,,,,,,,,,,,,,,,,,,,,,,
D107,127,0,6/21/2021,25,Atlasxomics,Suburbia,transcriptomics,FF,,mouse,embryo,E11,Zyagen,Atlas12,,,,MW,061621-Suburbia_MW,NA,NA,0,MW,062121-Suburbia-MW,NA,NA,0,1,6.5,0,overnight,,MW,13,14,4.25,6.24.21,1212,89,3.78,1,MW,704,,12,5.16,6.24.21,710,97,1,11.0,,,,1,1,6/25/2021,4,Atlasxomics,,,,,,returned,6/27/2021,2,7/6/2021,9,11,15,100,,,NextSeq 2000,,,,179.15,35.83,,1919,2125.99,1765.88,1,,
D108,128,0,6/22/2021,25,Atlasxomics,Suburbia,transcriptomics,FF,,mouse,embryo,E11,Zyagen,Atlas12,,,,JM,061621-Suburbia_MW,NA,NA,0,JM,062121-Suburbia-MW,0,0,0,1,8,0,overnight ,16,MW,9,13,3.69,6.24.21,1132,79,2.92,1,MW,705,GGACTCCT,12,4.43,6.24.21,647,96,1,10.4,,,,1,1,6/25/2021,3,Atlasxomics,,,,,,returned,6/27/2021,2,7/6/2021,9,11,14,100,,,NextSeq 2000,,,,185.25,37.05,,2009,5667.17,2513.03,1,,
D109,129,0,6/22/2021,25,Atlasxomics,Gen1,transcriptomics,FF,,mouse,embryo,E11,Zyagen,Atlas13,,,,MW,060821-JM,NA,NA,0,MW,052321-MW & 022421-JM,NA,NA,0,2,8,0,overnight ,14,,11,11,10.3,7/2/2021,1365,96,9.89,1,MW,703,AGGCAGAA,12,1.57,7/6/2021,655,94,1,3.6,,,,1,1,7/8/2021,16,Atlasxomics,,,,,,returned,7/10/2021,2,7/14/2021,4,6,22,100,7,,NextSeq 2000,157,,85.17,163.65,32.73,7,1999,4009.52,1874.91,1,,
D110,129,0,6/22/2021,25,Atlasxomics,Gen1,transcriptomics,FF,,mouse,embryo,E11,Zyagen,Atlas13,,,,MW,060821-JM,NA,NA,0,MW,052321-MW & 022421-JM,NA,NA,0,2,8,0,overnight ,14,,11,11,13.6,7/2/2021,1633,92,12.51,1,MW,704,TCCTGAGC,12,1.19,7/6/2021,616,96,1,2.9,,,,1,1,7/8/2021,16,Atlasxomics,,,,,,returned,7/10/2021,2,7/14/2021,4,6,22,100,7,,NextSeq 2000,157,,85.17,116.5,23.3,8,1919,3149.73,1561.75,1,,
D111,130,0,6/23/2021,25,Atlasxomics,Gen1,transcriptomics,FF,,mouse,embryo,E11,Zyagen,Atlas13,,,,JM,061521-JM,NA,NA,0,JM,062321-MW,NA,NA,0,2,11,0,overnight,,,10,11,1.16,7/2/2021,1484,49,0.57,1,MW,705,GGACTCCT,12,1.2,7/6/2021,545,88,1,3.3,,,,1,1,7/8/2021,15,Atlasxomics,,,,,,returned,7/10/2021,2,7/14/2021,4,6,21,100,7,,NextSeq 2000,157,,85.17,208.15,41.63,4,2092,4512.95,2176.69,1,,
D112,130,0,6/23/2021,25,Atlasxomics,Gen1,transcriptomics,FF,,mouse,embryo,E11,Zyagen,Atlas13,,,,JM,061521-JM,NA,NA,0,JM,062321-MW,NA,NA,0,2,11,0,overnight,,,9,11,4.03,7/2/2021,1204,86,3.47,1,MW,706,,12,3.4,7/6/2021,634,94,1,8.1,,,,1,1,7/8/2021,15,Atlasxomics,,,,,,returned,7/10/2021,2,7/14/2021,4,6,21,100,7,,NextSeq 2000,157,,85.17,271.4,54.28,,1900,8214.65,2645.96,0.93,,
D113,131,0,6/24/2021,25,Atlasxomics,Gen1,transcriptomics,FF,,mouse,embryo,E11,Zyagen,Atlas13,,,,MBE,060821-JM,NA,NA,0,MBE,2.24.21,,,0,2,7.5,0,overnight,21,,11,11,5.09,7/2/2021,1289,87,4.43,1,MW,707,,12,4.09,7/6/2021,746,97,1,8.3,,,,1,1,7/8/2021,14,,,,,,,returned,7/10/2021,2,7/14/2021,4,6,20,100,7,,NextSeq 2000,157,,85.17,211.6,42.32,2,2227,4314.54,2227.05,1,,Day0
D114,131,0,6/24/2021,25,Atlasxomics,Gen1,transcriptomics,FF,,mouse,embryo,E11,Zyagen,Atlas13,,,,MBE,060821-JM,NA,NA,0,MBE,2.24.21,,,0,2,7.5,0,overnight,21,,7,11,0.55,7/2/2021,na,na,na,0,,,,,,,,,,,,,,,,,,,,,,,,,,,,,,,,,,,,,,,,,,,,,,"Day0, no cDNA library"
D115,132,0,6/28/2021,25,Atlasxomics,Suburbia,transcriptomics,FF,,human,cerebellum,na,Zyagen,Atlas11,,,,MW,061621-Suburbia_MW,NA,NA,"23,27,35",MW,062121-Suburbia_MW,NA,NA,NA,1,8.25,0,overnight ,,,,,,,,,,,,,,,,,,,,,,,,,,,,,,,,,,,,,,,,,,,,,,,,,,,,,,,,
D116,133,0,6/29/2021,25,Atlasxomics,Epigenomics,CUT&Tag-seq,FF,,mouse,embryo,E11,Zyagen,Atlas13,,,,MW,hsr-V2 barcodes ,NA,NA,NA,MW,hsr-V2 barcodes ,NA,NA,NA,2,8.6,0,NA,3,MW,NA,NA,NA,NA,NA,NA,NA,NA,MW,702,CGTACTAG,12,3.97,06.30.21,852,99,1,4.23 (qPCR),3.88,891,2.5,1,1,7/20/2021,21,Novogene,,,,,,returned,8/2/2021,13,,,,,,,,,,,,,,,,,,,,
D117,133,0,6/29/2021,25,Atlasxomics,Epigenomics,CUT&Tag-seq,FF,,mouse,embryo,E11,Zyagen,Atlas13,,,,MW,hsr-V2 barcodes ,NA,NA,NA,MW,hsr-V2 barcodes ,NA,NA,NA,2,8.6,0,NA,3,MW,NA,NA,NA,NA,NA,NA,NA,NA,MW,703,AGGCAGAA,12,3.79,06.30.21,930,99,1,3.51 (qPCR),3.88,891,2.5,1,1,7/20/2021,21,Novogene,,,,,,,,,,,,,,,,,,,,,,,,,,,,
D118,134,0,6/29/2021,25,Atlasxomics,Suburbia,transcriptomics,FF,,human,cerebellum,E11,Zyagen,Atlas11,,,,JM,,1,,,,,,,,,,,,,,,,,,,,,,,,,,,,,,,,,,,,,,,,,,,,,,,,,,,,,,,,,,,,,,,,,,,Tissue washed off during perm wash flow
D119,136,0,7/8/2021,25,Atlasxomics,Epigenomics,ATAC-seq,FF,,mouse,embryo,E11,Zyagen,Atlas12,,,,MW,hsr-V2 barcodes ,NA,NA,NA,MW,hsr-V2 barcodes ,NA,NA,NA,2,8,0,overnight,20,MW,NA,NA,NA,NA,NA,NA,NA,NA,MW,704,TCCTGAGC,12,23.6,7.12.21,,,,,,,,,,,,,,,,,,,,,,,,,,,,,,,,,,,,,,,,
D120,136,0,7/8/2021,25,Atlasxomics,Epigenomics,ATAC-seq,FF,,mouse,embryo,E11,Zyagen,Atlas12,,,,MW,hsr-V2 barcodes ,NA,NA,NA,MW,hsr-V2 barcodes ,NA,NA,NA,2,8,0,overnight,20,MW,NA,NA,NA,NA,NA,NA,NA,NA,MW,705,GGACTCCT,12,6.06,7.12.21,,,,,,,,,,,,,,,,,,,,,,,,,,,,,,,,,,,,,,,,
D121,137,0,7/12/2021,25,Atlasxomics,Gen1,transcriptomics,FFPE,,human,normal FTE,na,UTSW,Wenxin-AtlasXomics 001,,,,MBE,060721-JM-Dye,0,,,MBE,060721-JM-Dye,1,,0,1,9,0,overnight,15,JM,15,16,0.753,7/21/2021,1253,62,0.47,1,JM,701,TAAGGCGA,12,0.207,7/22/2021,630,52,0,0.498,,,,,,,,,,,,,,,,,,,,,,,,,,,,,,,,,,,,
D121-b,137,1,7/12/2021,25,Atlasxomics,Gen1,transcriptomics,FFPE,,human,normal FTE,na,UTSW,Wenxin-AtlasXomics 001,,,,MBE,060721-JM-Dye,0,,,MBE,060721-JM-Dye,1,,0,1,9,0,overnight,15,JM,15,16,0.753,7/21/2021,1253,62,0.47,1,JM,701,TAAGGCGA,12,0.387,7/22/2021,966,52,1,0.607,,,,,,,,,,,,,,,,,,,,,,,,,,,,,,,,,,,,
D121-c,137,1,7/12/2021,25,Atlasxomics,Gen1,transcriptomics,FFPE,,human,normal FTE,na,UTSW,Wenxin-AtlasXomics 001,,,,MBE,060721-JM-Dye,0,,0,MBE,060721-JM-Dye,1,,0,1,9,0,overnight,15,JM,15,16,0.753,7/21/2021,1253,62,0.47,1,JM,701,TAAGGCGA,13,0.414,7/22/2021,911,54,0,0.689,,,,1,1,7/28/2021,16,Atlasxomics,,,,,,returned,7/30/2021,2,,,,,100,7,R005,NextSeq 2000,157,,83.66,274.9,54.98,14,1946,77.22,65.79,0,0,UTSW FFPE
D122,138,0,7/13/2021,25,Atlasxomics,Suburbia,transcriptomics,FF,,mouse,embryo,E11,Zyagen,Atlas14-1,,,,JM,0712-JM-Dye,1,"13, 14, 33, 37, 39, 34, 9 14, 8",0,JM,071321-JM-Dye-B,0,"47, 45, 39, 6 11",0,1,8.5,0,overnight ,11,JM,12,15,4.8,7/21/2021,1724,90,4.32,1,JM,702,CGTACTAG,12,0.479,7/22/2021,683,92,0,1.063,,,,,,,,,,,,,,,,,,,,,,,,,,,,,,,,,,,,
D122-b,138,1,7/13/2021,25,Atlasxomics,Suburbia,transcriptomics,FF,,mouse,embryo,E11,Zyagen,,,,,JM,0712-JM-Dye,1,"13, 14, 33, 37, 39, 34, 9 14, 8",0,JM,071321-JM-Dye-B,0,"47, 45, 39, 6 11",0,1,8.5,0,overnight ,11,JM,12,15,4.8,7/21/2021,1724,90,4.32,1,JM,702,CGTACTAG,12,1.05,7/22/2021,714,96,1,2.2,,,,1,1,7/28/2021,15,Atlasxomics,,,,,,returned,7/30/2021,2,7/31/2021,1,3,18,100,7,R005,NextSeq 2000,157,,83.66,86.75,17.35,3,2093,1649.62,1037.25,1,1,rev 2 val
D123,139,0,7/13/2021,25,Atlasxomics,Suburbia,transcriptomics,FF,,mouse,embryo,E11,Zyagen,Atlas14-1,,,,MW,071321-JM-Dye,1,"33, 37 ",0,MW,071321-JM-Dye-B,0,0,0,1,8.3,0,overnight ,17,JM,13,15,6.91,7/21/2021,1634,97,6.70,1,JM,703,AGGCAGAA,12,0.452,7/22/2021,725,95,0,0.945,,,,,,,,,,,,,,,,,,,,,,,,,,,,,,,,,,,,
D123-b,139,1,7/13/2021,25,Atlasxomics,Suburbia,transcriptomics,FF,,mouse,embryo,E11,Zyagen,Atlas14-1,,,,MW,071321-JM-Dye,1,"33, 37 ",0,MW,071321-JM-Dye-B,0,0,0,1,8.3,0,overnight ,17,JM,13,15,6.91,7/21/2021,1634,97,6.70,1,JM,703,AGGCAGAA,12,1.18,7/22/2021,711,97,1,2.515,,,,1,1,7/28/2021,15,Atlasxomics,,,,,,returned,7/30/2021,2,7/31/2021,1,3,18,100,7,R005,NextSeq 2000,157,,83.66,162.7,32.54,5,1906,1456.7,842.23,1,0,rev 5 validation
D124,140,0,7/14/2021,25,Atlasxomics,Suburbia,transcriptomics,FF,,mouse,embryo,E11,Zyagen,Atlas14-1,,,,MBE,071321-JM-Dye,0,,,MBE,071321-JM-Dye-B,,,50,1,8,0,overnight ,13,JM,13,15,2.32,7/21/2021,1152,88,2.04,1,JM,704,TCCTGAGC,12,1.29,7/22/2021,653,97,1,2.993,,,,,,,,,,,,,,,,,,,,,,,,,,,,,,,,,,,,
D124-b,140,1,7/14/2021,25,Atlasxomics,Suburbia,transcriptomics,FF,,mouse,embryo,E11,Zyagen,Atlas14-1,,,,MBE,071321-JM-Dye,0,,,MBE,071321-JM-Dye-B,,,50,1,8,0,overnight ,13,JM,13,15,2.32,7/21/2021,1152,88,2.04,1,JM,704,TCCTGAGC,12,3.06,7/22/2021,714,98,1,6.494,,,,1,1,7/28/2021,14,Atlasxomics,,,,,,returned,7/30/2021,2,7/31/2021,1,3,17,100,7,R005,NextSeq 2000,157,,83.66,131.85,26.37,4,2001,2437.07,1340.8,1,1,rev 2 validation
D125,141,0,7/14/2021,25,Atlasxomics,Gen1 ,transcriptomics ,FFPE,,human,normal FTE,na,UTSW,Wenxin-AtlasXomics 001,,,,MW,060721-JM-Dye,1,37,0,MW,060721-JM-Dye,1,26 - 50 ,0,1,10,0,overnight ,,JM,13,15,0.332,7/21/2021,1311,10,0.03,0,JM,705,GGACTCCT,12,0.224,7/22/2021,,,0,,,,,,,,,,,,,,,,,,,,,,,,,,,,,,,,,,,,,
D125-b,141,1,7/14/2021,25,Atlasxomics,Gen1 ,transcriptomics ,FFPE,,human,normal FTE,na,UTSW,Wenxin-AtlasXomics 001,,,,MW,060721-JM-Dye,1,37,0,MW,060721-JM-Dye,1,26 - 50 ,0,1,10,0,overnight ,,JM,13,15,0.332,7/21/2021,1311,10,0.03,0,JM,705,GGACTCCT,12,0.53,7/22/2021,,,0,,,,,,,,,,,,,,,,,,,,,,,,,,,,,,,,,,,,,
D126,142,0,7/15/2021,25,Atlasxomics,Gen1,transcriptomics ,FFPE,,human,normal FTE,na,UTSW,Wenxin-AtlasXomics 001,,,,JM,060721-JM-Dye,1,0,0,JM,062321-MW,NA,NA,0,1,9.5,0,overnight ,,JM,15,16,0.44,7/21/2021,1167,43,0.19,1,JM,706,TAGGCATG,12,0.222,7/22/2021,533,32,0,0.631,,,,,,,,,,,,,,,,,,,,,,,,,,,,,,,,,,,,
D126-b,142,1,7/15/2021,25,Atlasxomics,Gen1,transcriptomics ,FFPE,,human,normal FTE,na,UTSW,Wenxin-AtlasXomics 001,,,,JM,060721-JM-Dye,1,0,0,JM,062321-MW,NA,NA,0,1,9.5,0,overnight ,,JM,15,16,0.44,7/21/2021,1167,43,0.19,1,JM,706,TAGGCATG,12,0.434,7/22/2021,0,,0,,,,,,,,,,,,,,,,,,,,,,,,,,,,,,,,,,,,,
D126-c,142,1,7/15/2021,25,Atlasxomics,Gen1,transcriptomics ,FFPE,,human,normal FTE,na,UTSW,Wenxin-AtlasXomics 001,,,,JM,060721-JM-Dye,1,0,0,JM,062321-MW,NA,NA,0,1,9.5,0,overnight ,,JM,15,16,0.44,7/21/2021,1167,43,0.19,1,JM,706,TAGGCATG,14,0.711,7/22/2021,760,40,0,1.417,,,,1,1,7/28/2021,13,Atlasxomics,,,,,,returned,7/30/2021,2,8/2/2021,3,5,18,100,7,R005,NextSeq 2000,157,,83.66,275.25,55.05,16,2092,60.5,51.16,0,0,UTSW FFPE
D127,143,0,7/15/2021,25,Atlasxomics,Suburbia ,ATAC-seq,FF,,mouse,embryo,E11,Zyagen,Atlas14-1,,,,MW,hsr-V2 barcodes ,NA,NA,NA,MW,hsr-V2 barcodes ,NA,NA,NA,2,na,0,overnight ,18,MW,NA,NA,NA,NA,NA,NA,NA,NA,MW,704,TCCTGAGC,16,15.6,7/16/2021,497,98,,47.6,,,,,,,,,,,,,,,,,,,,,,,,,,,,,,,,,,,,
D128,143,0,7/15/2021,25,Atlasxomics,Suburbia ,ATAC-seq,FF,,mouse,embryo,E11,Zyagen,Atlas14-1,,,,MW,hsr-V2 barcodes ,NA,NA,NA,MW,hsr-V2 barcodes ,NA,NA,NA,2,na,0,overnight ,18,MW,NA,NA,NA,NA,NA,NA,NA,NA,MW,705,GGACTCCT,14,13.5,7/16/2021,540,98,,37.9,,,,,,,,,,,,,,,,,,,,,,,,,,,,,,,,,,,,
D129,144,0,7/18/2021,25,Atlasxomics,Suburbia ,transcriptomics ,FF,,mouse,embryo,E11,Zyagen,Atlas14-1,,,,MBE,061521-JM,0,NA,NA,MBE,062321-MW,NA,NA,"50,49,48,47",2,10.25,0,overnight,11,MBE,,,,,,,,,,,,,,,,,,,,,,,,,,,,,,,,,,,,,,,,,,,,,,,,,,,,,,
D130,144,0,7/18/2021,25,Atlasxomics,Suburbia ,transcriptomics ,FF,,mouse,embryo,E11,Zyagen,Atlas14-1,,,,MBE,061521-JM,0,NA,NA,MBE,062321-MW,NA,NA,NA,2,10.25,0,overnight,11,MBE,,,,,,,,,,,,,,,,,,,,,,,,,,,,,,,,,,,,,,,,,,,,,,,,,,,,,,
D131,145,0,7/19/2021,25,Atlasxomics,Suburbia ,transcriptomics ,FF,,mouse,embryo,E11,Zyagen,Atlas14-1,,,,CW,071321-JM-Dye,0,0,0,CW,071321-JM-Dye,0,0,0,2,11.75,0,overnight,,,,,,,,,,,,,,,,,,,,,,,,,,,,,,,,,,,,,,,,,,,,,,,,,,,,,,,,
D132,146,0,7/19/2021,25,Atlasxomics,Suburbia ,transcriptomics ,FF,,mouse,embryo,E11,Zyagen,Atlas14-1,,,,MBE,071321-JM-Dye,0,NA,23,MBE,071321-JM-Dye,0,0,0,2,11.75,0,overnight,13,JM,11,14,1.11,,,,,1,VS,705,GGACTCCT,12,0.906,7/27/2021,649,87,1,2.1,,,,1,1,7/28/2021,9,Atlasxomics,,,,,,returned,7/30/2021,2,8/1/2021,2,4,13,100,7,R005,NextSeq 2000,157,,83.66,142.7,28.54,4,1906,1401.85,824.04,1,0,rev 5 validation
D133,147,0,7/20/2021,25,Atlasxomics,Suburbia ,transcriptomics ,FF,,mouse,embryo,E11,Zyagen,Atlas14-1,,,,VS,071321-JM-Dye,0,0,,VS,071321-JM-Dye,0,,,1,10.25,0,overnight ,13,VS,12,14,0.519,7/29/2021,1419,40,0.21,1,VS,701,TAAGGCGA,12,1.21,7/29/2021,591,71,1,3.1,,,,1,1,7/30/2021,10,Atlasxomics,,,,,,returned,8/1/2021,2,8/1/2021,0,2,12,100,7,R006,NextSeq 2000,157,,83.89,254.7,50.94,26,1713,3181.69,1571.19,0,0,Vish 1 rev 2
D134,148,0,7/20/2021,25,Atlasxomics,Suburbia ,transcriptomics ,FF,,mouse,embryo,E11,Zyagen,Atlas14-1,,,,JM,071321-JM-Dye,0,2,0,JM,072021-JM-Dye,0,0,0,1,10,0,overnight,,JM,12,14,3.3,,,,,,,707,CTCTCTAC,12,2.29,7/27/2021,638,96,1,5.4,,,,1,1,7/28/2021,8,Atlasxomics,,,,,,returned,7/30/2021,2,8/1/2021,2,4,12,100,7,R005,NextSeq 2000,157,,83.66,143.85,28.77,4,1987,1823.9,1024.23,1.00,1,rev 5 validation
D135,149,0,7/20/2021,25,Atlasxomics,Suburbia ,transcriptomics ,FF,,mouse,embryo,E11,Zyagen,Atlas14-2,,,,MW,NA,NA,NA,NA,NA,NA,NA,NA,NA,NA,NA,1,overnight ,,,,,,,,,,,,,,,,,,,,,,,,,,,,,,,,,,,,,,,,,,,,,,,,,,,,,,,,
D136,150,0,7/21/2021,25,Atlasxomics,Suburbia ,transcriptomics ,FF,,mouse,embryo,E11,Zyagen,Atlas14-2,,,,VS,071321-JM-Dye,0,"7,8, 13,14",NA,VS,NA,NA,NA,NA,NA,NA,1,overnight ,,,,,,,,,,,,,,,,,,,,,,,,,,,,,,,,,,,,,,,,,,,,,,,,,,,,,,,,
D137,151,0,7/22/2021,25,Atlasxomics,Suburbia ,transcriptomics ,FF,,mouse,embryo,E11,Zyagen,Atlas14-2,,,,VS,071321-JM-Dye,1,26-50,,VS,071321-JM-Dye,1,,,1,8.75,0,overnight ,16.25,VS,12,14,1.28,7/29/2021,1390,75,0.96,1,VS,702,CGTACTAG,12,4.08,7/29/2021,666,96,1,9.3,,,,1,1,7/30/2021,8,Atlasxomics,,,,,,returned,8/1/2021,2,8/1/2021,0,2,10,100,7,R006,NextSeq 2000,157,,83.89,142.85,28.57,12,2178,2261.88,1277.23,1,1,Vishwish 2 with rev 2
D138,152,0,7/21/2021,25,Atlasxomics,Gen1,ATAC-seq,FF,,mouse,embryo,E11,Zyagen,Atlas15-1,,,,MW,hsr-V2 barcodes ,NA,NA,NA,MW,hsr-V2 barcodes ,NA,NA,NA,2,na,0,overnight ,NA,MW,NA,NA,NA,NA,NA,NA,NA,NA,MW,701,TAAGGCGA,,24.4,7/27/2021,953,96,1,38.8,,,,,,,,,,,,,,,,,,,,,,,,,,,,,,,,,,,,
D139,153,0,7/22/2021,25,Atlasxomics,Suburbia ,transcriptomics ,FF,,mouse,embryo,E11,Zyagen,Atlas14-2,,,,MW,071321-JM-Dye,1,0,0,MW,072021-JM-Dye,0,0,0,1,8,0,overnight ,,JM,12,14,3.99,,,,,,,708,CAGAGAGG,12,2.51,7/27/2021,647,97,1,5.9,,,,1,1,7/28/2021,6,Atlasxomics,,,,,,returned,7/30/2021,2,8/1/2021,2,4,10,100,7,R005,NextSeq 2000,157,,83.66,101.6,20.32,13,1566,1220.53,760.63,0.875,0,"Post-b with BSA and DAPI, Rev 5 validation"
D140,154,0,7/26/2021,25,Atlasxomics,Suburbia ,transcriptomics ,FF,,mouse,embryo,E11,Zyagen,Atlas14-2,,,,VS,072621-JM-Dye-Suburbia,1,0,0,NA,NA,NA,NA,NA,1,NA,0,overnight ,,,,,,,,,,,,,,,,,,,,,,,,,,,,,,,,,,,,,,,,,,,,,,,,,,,,,,,,
D141,155,0,7/26/2021,25,Atlasxomics,Gen1,transcriptomics ,FF,,mouse,embryo,E11,Zyagen,Atlas15-1,,,,MW,072621-JM-Dye-Gen1,1,0,0,JM,062321-MW,NA,NA,NA,2,12,0,overnight ,,MW,13,14,3.99,7/29/2021,1598,86,3.43,1,MW,704,,,1.95,7/29/2021,541,97,1,5.5,,,,1,1,7/30/2021,4,Atlasxomics,,,,,,returned,8/1/2021,2,8/2/2021,1,3,7,100,7,R006,NextSeq 2000,157,,83.89,102.05,20.41,5,2036,3317.35,1784.93,0.92,1,control for bulk wash
D142,155,0,7/26/2021,25,Atlasxomics,Gen1,transcriptomics ,FF,,mouse,embryo,E11,Zyagen,Atlas15-1,,,,MW,072621-JM-Dye-Gen1,1,0,0,JM,062321-MW,NA,NA,NA,2,12,0,overnight ,,MW,13,14,3.97,7/29/2021,1814,87,3.45,1,MW,705,,,8.1,7/29/2021,856,98,1,14.3,,,,1,1,7/30/2021,4,Atlasxomics,,,,,,returned,8/1/2021,2,8/1/2021,0,2,6,100,7,R006,NextSeq 2000,157,,83.89,291.6,58.32,17,1892,7602.18,3182.58,1,1,"Image misaligned, repeat when github available, bulk wash "
D143,156,0,7/26/2021,25,Atlasxomics,Gen1,ATAC-seq,FF,,mouse,embryo,E11,Zyagen,Atlas15-1,,,,MW,hsr-V2 barcodes ,NA,NA,NA,MW,hsr-V2 barcodes ,NA,NA,NA,2,na,0,overnight,12,MW,NA,NA,NA,NA,NA,NA,NA,NA,MW,702,CGTACTAG,,17.9,7/27/2021,1099,97,1,24.7,,,,,,,,,,,,,,,,,,,,,,,,,,,,,,,,,,,,
D144,156,0,7/26/2021,25,Atlasxomics,Gen1,ATAC-seq,FF,,mouse,embryo,E11,Zyagen,Atlas15-1,,,,MW,hsr-V2 barcodes ,NA,NA,NA,MW,hsr-V2 barcodes ,NA,NA,NA,2,na,0,overnight,12,MW,NA,NA,NA,NA,NA,NA,NA,NA,MW,703,AGGCAGAA,,19.4,7/27/2021,863,95,1,34.1,,,,,,,,,,,,,,,,,,,,,,,,,,,,,,,,,,,,
D145,157,0,7/27/2021,25,Atlasxomics,Gen1,transcriptomics ,FF,,mouse,embryo,E11,Zyagen,Atlas15-1,,,,JM,072621-JM-Dye-Gen1,0,15,0,MW,062321-MW,0,"23, 25",0,2,10.25,0,overnight,,MW,13,14,4.46,7/29/2021,1820,90,4.01,1,MW,706,,,5.67,7/29/2021,800,98,1,10.7,,,,1,1,7/30/2021,3,Atlasxomics,,,,,,returned,8/1/2021,2,8/2/2021,1,3,6,100,7,R006,NextSeq 2000,157,,83.89,152.8,30.56,18,1730,8949.89,3769.61,0.93,1,Bulk wash
D146,157,0,7/27/2021,25,Atlasxomics,Gen1,transcriptomics ,FF,,mouse,embryo,E11,Zyagen,Atlas15-1,,,,JM,072621-JM-Dye-Gen1,1,"1,2,3,4,5,6,7",0,MW,062321-MW,0,25,0,2,10.25,0,overnight,,MW,13,14,9.09,7/29/2021,1591,98,8.91,1,MW,707,,,1.39,7/29/2021,403,94,1,5.2,,,,1,1,7/30/2021,3,Atlasxomics,,,,,,returned,8/1/2021,2,8/1/2021,0,2,5,100,7,R006,NextSeq 2000,157,,83.89,128.05,25.61,16,1981,4435.17,2114.71,0.78,1,control for bulk wash
D147,158,0,7/27/2021,25,Atlasxomics,Suburbia ,transcriptomics ,FF,,mouse,embryo,E11,Zyagen,Atlas14-2,,,,VS,072621-JM-Dye-Suburbia,1,"10,14,18,20,22",0,VS,072021-JM-Dye-suburbia,0,0,0,1,10,0,overnight ,13,VS,12,14,1.74,7/29/2021,1382,78,1.36,1,VS,703,AGGCAGAA,12,3.81,7/29/2021,623,95,1,9.3,,,,1,1,7/30/2021,3,Atlasxomics,,,,,,returned,8/1/2021,2,8/1/2021,0,2,5,100,7,R006,NextSeq 2000,157,,83.89,182.25,36.45,12,2173,3170.07,1646.73,0.67,1,Vishwish 3 with rev 5
D148,159,0,7/31/2021,25,Atlasxomics,Gen1,transcriptomics ,FF,,mouse,embryo,E11,Zyagen,Atlas15-2,Keyence,AGL V2,,MBE,072621-JM-Dye-Gen1,0,0,0,MBE,073021-JM-Dye-Gen1,0,"26,27,28",0,2,13,0,overnight,15,"VS,JM",,,,,,,,,,,,,,,,,,,,,,,,,,,,,,,,,,,,,,,,,,,,,,,,,,,,,,"Began 7/31, ops suspended at ChipA, resumed 8/"
D149,159,0,7/31/2021,25,Atlasxomics,Gen1,transcriptomics ,FF,,mouse,embryo,E11,Zyagen,Atlas15-2,Keyence,ARG V6,,MBE,072621-JM-Dye-Gen1,1,"22,25-50",0,MBE,073021-JM-Dye-Gen1,1,15-50,0,2,13,0,overnight,15,"VS,JM",,,,,,,,,,,,,,,,,,,,,,,,,,,,,,,,,,,,,,,,,,,,,,,,,,,,,,"Began 7/31, ops suspended at ChipA, resumed 8/"
D150,160,0,8/3/2021,25,Atlasxomics,Enplas,transcriptomics ,FF,,mouse,embryo,E11,Zyagen,Atlas 15-2,EVOS M7000,,,VS,061521-JM,,,,NA,022421-JM,,,,,,,,,,,,,,,,,,,,,,,,,,,,,,,,,,,,,,,,,,,,,,,,,,,,,,,,,,,,,,,
D151,161,0,8/3/2021,25,Atlasxomics,Suburbia,transcriptomics,FF,,human,brain,,BioIVT,Atlas16,Keyance,,,MBE,,,,,,,,,,,,,,,,,,,,,,,,,,,,,,,,,,,,,,,,,,,,,,,,,,,,,,,,,,,,,,,,,,,,,"Aborted; tissue #1 dissolved, tissue #2 slide out-of-spec for clamp"
D152,162,0,8/3/2021,25,Atlasxomics,Gen1,transcriptomics ,FF,,mouse,embryo,E11,Zyagen,Atlas15-2,EVOS M7000,,,JM,072621-JM-dye-GEN1,0,0,0,JM,073021-JM-Dye-Gen1,0,0,0,2,10,0,overnight,14.5,,,,,,,,,,,,,,,,,,,,,,,,,,,,,,,,,,,,,,,,,,,,,,,,,,,,,,,
D153,162,0,8/3/2021,25,Atlasxomics,Gen1,transcriptomics ,FF,,mouse,embryo,E11,Zyagen,Atlas15-2,EVOS M7000,,,JM,072621-JM-dye-GEN1,0,0,0,JM,073021-JM-Dye-Gen1,0,0,0,2,10,0,overnight,14.5,,,,,,,,,,,,,,,,,,,,,,,,,,,,,,,,,,,,,,,,,,,,,,,,,,,,,,,
D154,163,0,8/4/2021,25,Atlasxomics,Flexdym,transcriptomics ,FF,,mouse,embryo,E11,Zyagen,Atlas15-2,EVOS M7000,,,VS,061521-JM,,,,NA,022421-JM,,,,,,,,,,,,,,,,,,,,,,,,,,,,,,,,,,,,,,,,,,,,,,,,,,,,,,,,,,,,,,,
D155,164,0,8/5/2021,25,Atlasxomics,Suburbia,transcriptomics ,FF,,human,brain,,BioIVT,Atlas16,EVOS M7000,AX0-0003(06)-004,S3-20-225(05VZ),VS,072621-JM-dye,0,,36,VS,072021-JM-dye,0,0,6,1,8.5,0,overnight,15,,,,,,,,,,,,,,,,,,,,,,,,,,,,,,,,,,,,,,,,,,,,,,,,,,,,,,,
D156,165,0,8/5/2021,25,Atlasxomics,Suburbia,transcriptomics,FF,,human,brain,,BioIVT,Atlas16,Keyance,AXO-0003(05)-003,S3-18-225(05),JM,072621-JM-dye,0,18,"46, 38, 34, 27, 18",JM,072021-JM-dye,1,0,0,1,8.5,0,overnight,,,,,,,,,,,,,,,,,,,,,,,,,,,,,,,,,,,,,,,,,,,,,,,,,,,,,,,,
D157,166,0,8/9/2021,25,Atlasxomics,Suburbia,transcriptomics,FF,,human,brain,,BioIVT,Atlas16,EVOS M7000,AX0-003(06)-004,S3-20-225(05VZ),VS,,,,,,,,,,,,,,,,,,,,,,,,,,,,,,,,,,,,,,,,,,,,,,,,,,,,,,,,,,,,,,,,,,,,,
E10Eye1,,0,,10,Yale,,,,,,,,,,,,,,,,,,,,,,,,,,,,,,,,,,,,,,,,,,,,,,,,,,,,,,,,,,,,,,,,,,,,,,,,,,,,,,,,,,
E10Whole1,,0,,50,Yale,,,,,,,,,,,,,,,,,,,,,,,,,,,,,,,,,,,,,,,,,,,,,,,,,,,,,,,,,,,,,,,,,,,,,,,,,,,,,,,,,,
E12 Tail,,0,,50,Yale,,,,,,,,,,,,,,,,,,,,,,,,,,,,,,,,,,,,,,,,,,,,,,,,,,,,,,,,,,,,,,,,,,,,,,,,,,,,,,,,,,
E10Whole2,,0,,50,Yale,,,,,,,,,,,,,,,,,,,,,,,,,,,,,,,,,,,,,,,,,,,,,,,,,,,,,,,,,,,,,,,,,,,,,,,,,,,,,,,,,,
E10 Brain,,0,,25,Yale,,,,,,,,,,,,,,,,,,,,,,,,,,,,,,,,,,,,,,,,,,,,,,,,,,,,,,,,,,,,,,,,,,,,,,,,,,,,,,,,,,
E10Eye2,,0,,10,Yale,,,,,,,,,,,,,,,,,,,,,,,,,,,,,,,,,,,,,,,,,,,,,,,,,,,,,,,,,,,,,,,,,,,,,,,,,,,,,,,,,,
E10 Whole 3,,0,,50,Yale,,,,,,,,,,,,,,,,,,,,,,,,,,,,,,,,,,,,,,,,,,,,,,,,,,,,,,,,,,,,,,,,,,,,,,,,,,,,,,,,,,
E11Tail1,,0,,25,Yale,,,,,,,,,,,,,,,,,,,,,,,,,,,,,,,,,,,,,,,,,,,,,,,,,,,,,,,,,,,,,,,,,,,,,,,,,,,,,,,,,,
E11Tail2,,0,,25,Yale,,,,,,,,,,,,,,,,,,,,,,,,,,,,,,,,,,,,,,,,,,,,,,,,,,,,,,,,,,,,,,,,,,,,,,,,,,,,,,,,,,
E11 Brain,,0,,10,Yale,,,,,,,,,,,,,,,,,,,,,,,,,,,,,,,,,,,,,,,,,,,,,,,,,,,,,,,,,,,,,,,,,,,,,,,,,,,,,,,,,,
E11 Tail,,0,,10,Yale,,,,,,,,,,,,,,,,,,,,,,,,,,,,,,,,,,,,,,,,,,,,,,,,,,,,,,,,,,,,,,,,,,,,,,,,,,,,,,,,,,
E11 Brain,,0,,10,Yale,,,,,,,,,,,,,,,,,,,,,,,,,,,,,,,,,,,,,,,,,,,,,,,,,,,,,,,,,,,,,,,,,,,,,"21,337",,,,,,,,,,,,,
E11 Tail,,0,,10,Yale,,,,,,,,,,,,,,,,,,,,,,,,,,,,,,,,,,,,,,,,,,,,,,,,,,,,,,,,,,,,,,,,,,,,,"20,257",,,,,,,,,,,,,
